user01,eyJhbGciOiJIUzI1NiJ9.eyJzdWIiOiI2Iiwicm9sZSI6MSwibmFtZSI6IuWOi-a1i-eUqOaItzEiLCJpYXQiOjE3ODk0NTUyMTIsImV4cCI6MTc4OTQ5ODQxMn0.1ONWRmbDUoJ5IuKlzmsq4DKfXHcYap5WNuDX-LkkA24
user01,eyJhbGciOiJIUzI1NiJ9.eyJzdWIiOiI2Iiwicm9sZSI6MSwibmFtZSI6IuWOi-a1i-eUqOaItzEiLCJpYXQiOjE3ODk0NTUyMTIsImV4cCI6MTc4OTQ5ODQxMn0.1ONWRmbDUoJ5IuKlzmsq4DKfXHcYap5WNuDX-LkkA24
user01,eyJhbGciOiJIUzI1NiJ9.eyJzdWIiOiI2Iiwicm9sZSI6MSwibmFtZSI6IuWOi-a1i-eUqOaItzEiLCJpYXQiOjE3ODk0NTUyMTIsImV4cCI6MTc4OTQ5ODQxMn0.1ONWRmbDUoJ5IuKlzmsq4DKfXHcYap5WNuDX-LkkA24
user01,eyJhbGciOiJIUzI1NiJ9.eyJzdWIiOiI2Iiwicm9sZSI6MSwibmFtZSI6IuWOi-a1i-eUqOaItzEiLCJpYXQiOjE3ODk0NTUyMTIsImV4cCI6MTc4OTQ5ODQxMn0.1ONWRmbDUoJ5IuKlzmsq4DKfXHcYap5WNuDX-LkkA24
user01,eyJhbGciOiJIUzI1NiJ9.eyJzdWIiOiI2Iiwicm9sZSI6MSwibmFtZSI6IuWOi-a1i-eUqOaItzEiLCJpYXQiOjE3ODk0NTUyMTIsImV4cCI6MTc4OTQ5ODQxMn0.1ONWRmbDUoJ5IuKlzmsq4DKfXHcYap5WNuDX-LkkA24
user01,eyJhbGciOiJIUzI1NiJ9.eyJzdWIiOiI2Iiwicm9sZSI6MSwibmFtZSI6IuWOi-a1i-eUqOaItzEiLCJpYXQiOjE3ODk0NTUyMTIsImV4cCI6MTc4OTQ5ODQxMn0.1ONWRmbDUoJ5IuKlzmsq4DKfXHcYap5WNuDX-LkkA24
user01,eyJhbGciOiJIUzI1NiJ9.eyJzdWIiOiI2Iiwicm9sZSI6MSwibmFtZSI6IuWOi-a1i-eUqOaItzEiLCJpYXQiOjE3ODk0NTUyMTIsImV4cCI6MTc4OTQ5ODQxMn0.1ONWRmbDUoJ5IuKlzmsq4DKfXHcYap5WNuDX-LkkA24
user01,eyJhbGciOiJIUzI1NiJ9.eyJzdWIiOiI2Iiwicm9sZSI6MSwibmFtZSI6IuWOi-a1i-eUqOaItzEiLCJpYXQiOjE3ODk0NTUyMTIsImV4cCI6MTc4OTQ5ODQxMn0.1ONWRmbDUoJ5IuKlzmsq4DKfXHcYap5WNuDX-LkkA24
user01,eyJhbGciOiJIUzI1NiJ9.eyJzdWIiOiI2Iiwicm9sZSI6MSwibmFtZSI6IuWOi-a1i-eUqOaItzEiLCJpYXQiOjE3ODk0NTUyMTIsImV4cCI6MTc4OTQ5ODQxMn0.1ONWRmbDUoJ5IuKlzmsq4DKfXHcYap5WNuDX-LkkA24
user01,eyJhbGciOiJIUzI1NiJ9.eyJzdWIiOiI2Iiwicm9sZSI6MSwibmFtZSI6IuWOi-a1i-eUqOaItzEiLCJpYXQiOjE3ODk0NTUyMTIsImV4cCI6MTc4OTQ5ODQxMn0.1ONWRmbDUoJ5IuKlzmsq4DKfXHcYap5WNuDX-LkkA24
user02,eyJhbGciOiJIUzI1NiJ9.eyJzdWIiOiI5Iiwicm9sZSI6MSwibmFtZSI6IuWOi-a1i-eUqOaItzIiLCJpYXQiOjE3ODk0NTUyMTIsImV4cCI6MTc4OTQ5ODQxMn0.7t5sh9YW6GtAenk0Qe9OYnkI3IxeNcLoTfXeM2h0wJ4
user02,eyJhbGciOiJIUzI1NiJ9.eyJzdWIiOiI5Iiwicm9sZSI6MSwibmFtZSI6IuWOi-a1i-eUqOaItzIiLCJpYXQiOjE3ODk0NTUyMTIsImV4cCI6MTc4OTQ5ODQxMn0.7t5sh9YW6GtAenk0Qe9OYnkI3IxeNcLoTfXeM2h0wJ4
user02,eyJhbGciOiJIUzI1NiJ9.eyJzdWIiOiI5Iiwicm9sZSI6MSwibmFtZSI6IuWOi-a1i-eUqOaItzIiLCJpYXQiOjE3ODk0NTUyMTIsImV4cCI6MTc4OTQ5ODQxMn0.7t5sh9YW6GtAenk0Qe9OYnkI3IxeNcLoTfXeM2h0wJ4
user02,eyJhbGciOiJIUzI1NiJ9.eyJzdWIiOiI5Iiwicm9sZSI6MSwibmFtZSI6IuWOi-a1i-eUqOaItzIiLCJpYXQiOjE3ODk0NTUyMTIsImV4cCI6MTc4OTQ5ODQxMn0.7t5sh9YW6GtAenk0Qe9OYnkI3IxeNcLoTfXeM2h0wJ4
user02,eyJhbGciOiJIUzI1NiJ9.eyJzdWIiOiI5Iiwicm9sZSI6MSwibmFtZSI6IuWOi-a1i-eUqOaItzIiLCJpYXQiOjE3ODk0NTUyMTIsImV4cCI6MTc4OTQ5ODQxMn0.7t5sh9YW6GtAenk0Qe9OYnkI3IxeNcLoTfXeM2h0wJ4
user02,eyJhbGciOiJIUzI1NiJ9.eyJzdWIiOiI5Iiwicm9sZSI6MSwibmFtZSI6IuWOi-a1i-eUqOaItzIiLCJpYXQiOjE3ODk0NTUyMTIsImV4cCI6MTc4OTQ5ODQxMn0.7t5sh9YW6GtAenk0Qe9OYnkI3IxeNcLoTfXeM2h0wJ4
user02,eyJhbGciOiJIUzI1NiJ9.eyJzdWIiOiI5Iiwicm9sZSI6MSwibmFtZSI6IuWOi-a1i-eUqOaItzIiLCJpYXQiOjE3ODk0NTUyMTIsImV4cCI6MTc4OTQ5ODQxMn0.7t5sh9YW6GtAenk0Qe9OYnkI3IxeNcLoTfXeM2h0wJ4
user02,eyJhbGciOiJIUzI1NiJ9.eyJzdWIiOiI5Iiwicm9sZSI6MSwibmFtZSI6IuWOi-a1i-eUqOaItzIiLCJpYXQiOjE3ODk0NTUyMTIsImV4cCI6MTc4OTQ5ODQxMn0.7t5sh9YW6GtAenk0Qe9OYnkI3IxeNcLoTfXeM2h0wJ4
user02,eyJhbGciOiJIUzI1NiJ9.eyJzdWIiOiI5Iiwicm9sZSI6MSwibmFtZSI6IuWOi-a1i-eUqOaItzIiLCJpYXQiOjE3ODk0NTUyMTIsImV4cCI6MTc4OTQ5ODQxMn0.7t5sh9YW6GtAenk0Qe9OYnkI3IxeNcLoTfXeM2h0wJ4
user02,eyJhbGciOiJIUzI1NiJ9.eyJzdWIiOiI5Iiwicm9sZSI6MSwibmFtZSI6IuWOi-a1i-eUqOaItzIiLCJpYXQiOjE3ODk0NTUyMTIsImV4cCI6MTc4OTQ5ODQxMn0.7t5sh9YW6GtAenk0Qe9OYnkI3IxeNcLoTfXeM2h0wJ4
user03,eyJhbGciOiJIUzI1NiJ9.eyJzdWIiOiIxMiIsInJvbGUiOjEsIm5hbWUiOiLljovmtYvnlKjmiLczIiwiaWF0IjoxNzg5NDU1MjEyLCJleHAiOjE3ODk0OTg0MTJ9.pKycjW9eSyhtHqnKNrmbf8rZmNIEZHb-atkshgJLJWk
user03,eyJhbGciOiJIUzI1NiJ9.eyJzdWIiOiIxMiIsInJvbGUiOjEsIm5hbWUiOiLljovmtYvnlKjmiLczIiwiaWF0IjoxNzg5NDU1MjEyLCJleHAiOjE3ODk0OTg0MTJ9.pKycjW9eSyhtHqnKNrmbf8rZmNIEZHb-atkshgJLJWk
user03,eyJhbGciOiJIUzI1NiJ9.eyJzdWIiOiIxMiIsInJvbGUiOjEsIm5hbWUiOiLljovmtYvnlKjmiLczIiwiaWF0IjoxNzg5NDU1MjEyLCJleHAiOjE3ODk0OTg0MTJ9.pKycjW9eSyhtHqnKNrmbf8rZmNIEZHb-atkshgJLJWk
user03,eyJhbGciOiJIUzI1NiJ9.eyJzdWIiOiIxMiIsInJvbGUiOjEsIm5hbWUiOiLljovmtYvnlKjmiLczIiwiaWF0IjoxNzg5NDU1MjEyLCJleHAiOjE3ODk0OTg0MTJ9.pKycjW9eSyhtHqnKNrmbf8rZmNIEZHb-atkshgJLJWk
user03,eyJhbGciOiJIUzI1NiJ9.eyJzdWIiOiIxMiIsInJvbGUiOjEsIm5hbWUiOiLljovmtYvnlKjmiLczIiwiaWF0IjoxNzg5NDU1MjEyLCJleHAiOjE3ODk0OTg0MTJ9.pKycjW9eSyhtHqnKNrmbf8rZmNIEZHb-atkshgJLJWk
user03,eyJhbGciOiJIUzI1NiJ9.eyJzdWIiOiIxMiIsInJvbGUiOjEsIm5hbWUiOiLljovmtYvnlKjmiLczIiwiaWF0IjoxNzg5NDU1MjEyLCJleHAiOjE3ODk0OTg0MTJ9.pKycjW9eSyhtHqnKNrmbf8rZmNIEZHb-atkshgJLJWk
user03,eyJhbGciOiJIUzI1NiJ9.eyJzdWIiOiIxMiIsInJvbGUiOjEsIm5hbWUiOiLljovmtYvnlKjmiLczIiwiaWF0IjoxNzg5NDU1MjEyLCJleHAiOjE3ODk0OTg0MTJ9.pKycjW9eSyhtHqnKNrmbf8rZmNIEZHb-atkshgJLJWk
user03,eyJhbGciOiJIUzI1NiJ9.eyJzdWIiOiIxMiIsInJvbGUiOjEsIm5hbWUiOiLljovmtYvnlKjmiLczIiwiaWF0IjoxNzg5NDU1MjEyLCJleHAiOjE3ODk0OTg0MTJ9.pKycjW9eSyhtHqnKNrmbf8rZmNIEZHb-atkshgJLJWk
user03,eyJhbGciOiJIUzI1NiJ9.eyJzdWIiOiIxMiIsInJvbGUiOjEsIm5hbWUiOiLljovmtYvnlKjmiLczIiwiaWF0IjoxNzg5NDU1MjEyLCJleHAiOjE3ODk0OTg0MTJ9.pKycjW9eSyhtHqnKNrmbf8rZmNIEZHb-atkshgJLJWk
user03,eyJhbGciOiJIUzI1NiJ9.eyJzdWIiOiIxMiIsInJvbGUiOjEsIm5hbWUiOiLljovmtYvnlKjmiLczIiwiaWF0IjoxNzg5NDU1MjEyLCJleHAiOjE3ODk0OTg0MTJ9.pKycjW9eSyhtHqnKNrmbf8rZmNIEZHb-atkshgJLJWk
user04,eyJhbGciOiJIUzI1NiJ9.eyJzdWIiOiIxNSIsInJvbGUiOjEsIm5hbWUiOiLljovmtYvnlKjmiLc0IiwiaWF0IjoxNzg5NDU1MjEyLCJleHAiOjE3ODk0OTg0MTJ9.V5HzWCkOpF3hbJAzKDqhYFszigSyrMzMqb4-ntiEI84
user04,eyJhbGciOiJIUzI1NiJ9.eyJzdWIiOiIxNSIsInJvbGUiOjEsIm5hbWUiOiLljovmtYvnlKjmiLc0IiwiaWF0IjoxNzg5NDU1MjEyLCJleHAiOjE3ODk0OTg0MTJ9.V5HzWCkOpF3hbJAzKDqhYFszigSyrMzMqb4-ntiEI84
user04,eyJhbGciOiJIUzI1NiJ9.eyJzdWIiOiIxNSIsInJvbGUiOjEsIm5hbWUiOiLljovmtYvnlKjmiLc0IiwiaWF0IjoxNzg5NDU1MjEyLCJleHAiOjE3ODk0OTg0MTJ9.V5HzWCkOpF3hbJAzKDqhYFszigSyrMzMqb4-ntiEI84
user04,eyJhbGciOiJIUzI1NiJ9.eyJzdWIiOiIxNSIsInJvbGUiOjEsIm5hbWUiOiLljovmtYvnlKjmiLc0IiwiaWF0IjoxNzg5NDU1MjEyLCJleHAiOjE3ODk0OTg0MTJ9.V5HzWCkOpF3hbJAzKDqhYFszigSyrMzMqb4-ntiEI84
user04,eyJhbGciOiJIUzI1NiJ9.eyJzdWIiOiIxNSIsInJvbGUiOjEsIm5hbWUiOiLljovmtYvnlKjmiLc0IiwiaWF0IjoxNzg5NDU1MjEyLCJleHAiOjE3ODk0OTg0MTJ9.V5HzWCkOpF3hbJAzKDqhYFszigSyrMzMqb4-ntiEI84
user04,eyJhbGciOiJIUzI1NiJ9.eyJzdWIiOiIxNSIsInJvbGUiOjEsIm5hbWUiOiLljovmtYvnlKjmiLc0IiwiaWF0IjoxNzg5NDU1MjEyLCJleHAiOjE3ODk0OTg0MTJ9.V5HzWCkOpF3hbJAzKDqhYFszigSyrMzMqb4-ntiEI84
user04,eyJhbGciOiJIUzI1NiJ9.eyJzdWIiOiIxNSIsInJvbGUiOjEsIm5hbWUiOiLljovmtYvnlKjmiLc0IiwiaWF0IjoxNzg5NDU1MjEyLCJleHAiOjE3ODk0OTg0MTJ9.V5HzWCkOpF3hbJAzKDqhYFszigSyrMzMqb4-ntiEI84
user04,eyJhbGciOiJIUzI1NiJ9.eyJzdWIiOiIxNSIsInJvbGUiOjEsIm5hbWUiOiLljovmtYvnlKjmiLc0IiwiaWF0IjoxNzg5NDU1MjEyLCJleHAiOjE3ODk0OTg0MTJ9.V5HzWCkOpF3hbJAzKDqhYFszigSyrMzMqb4-ntiEI84
user04,eyJhbGciOiJIUzI1NiJ9.eyJzdWIiOiIxNSIsInJvbGUiOjEsIm5hbWUiOiLljovmtYvnlKjmiLc0IiwiaWF0IjoxNzg5NDU1MjEyLCJleHAiOjE3ODk0OTg0MTJ9.V5HzWCkOpF3hbJAzKDqhYFszigSyrMzMqb4-ntiEI84
user04,eyJhbGciOiJIUzI1NiJ9.eyJzdWIiOiIxNSIsInJvbGUiOjEsIm5hbWUiOiLljovmtYvnlKjmiLc0IiwiaWF0IjoxNzg5NDU1MjEyLCJleHAiOjE3ODk0OTg0MTJ9.V5HzWCkOpF3hbJAzKDqhYFszigSyrMzMqb4-ntiEI84
user05,eyJhbGciOiJIUzI1NiJ9.eyJzdWIiOiIxOCIsInJvbGUiOjEsIm5hbWUiOiLljovmtYvnlKjmiLc1IiwiaWF0IjoxNzg5NDU1MjEyLCJleHAiOjE3ODk0OTg0MTJ9.fQLg_CaxpFHBCiL4SJtX4rD4EH-jFeb30QT379kIm2Y
user05,eyJhbGciOiJIUzI1NiJ9.eyJzdWIiOiIxOCIsInJvbGUiOjEsIm5hbWUiOiLljovmtYvnlKjmiLc1IiwiaWF0IjoxNzg5NDU1MjEyLCJleHAiOjE3ODk0OTg0MTJ9.fQLg_CaxpFHBCiL4SJtX4rD4EH-jFeb30QT379kIm2Y
user05,eyJhbGciOiJIUzI1NiJ9.eyJzdWIiOiIxOCIsInJvbGUiOjEsIm5hbWUiOiLljovmtYvnlKjmiLc1IiwiaWF0IjoxNzg5NDU1MjEyLCJleHAiOjE3ODk0OTg0MTJ9.fQLg_CaxpFHBCiL4SJtX4rD4EH-jFeb30QT379kIm2Y
user05,eyJhbGciOiJIUzI1NiJ9.eyJzdWIiOiIxOCIsInJvbGUiOjEsIm5hbWUiOiLljovmtYvnlKjmiLc1IiwiaWF0IjoxNzg5NDU1MjEyLCJleHAiOjE3ODk0OTg0MTJ9.fQLg_CaxpFHBCiL4SJtX4rD4EH-jFeb30QT379kIm2Y
user05,eyJhbGciOiJIUzI1NiJ9.eyJzdWIiOiIxOCIsInJvbGUiOjEsIm5hbWUiOiLljovmtYvnlKjmiLc1IiwiaWF0IjoxNzg5NDU1MjEyLCJleHAiOjE3ODk0OTg0MTJ9.fQLg_CaxpFHBCiL4SJtX4rD4EH-jFeb30QT379kIm2Y
user05,eyJhbGciOiJIUzI1NiJ9.eyJzdWIiOiIxOCIsInJvbGUiOjEsIm5hbWUiOiLljovmtYvnlKjmiLc1IiwiaWF0IjoxNzg5NDU1MjEyLCJleHAiOjE3ODk0OTg0MTJ9.fQLg_CaxpFHBCiL4SJtX4rD4EH-jFeb30QT379kIm2Y
user05,eyJhbGciOiJIUzI1NiJ9.eyJzdWIiOiIxOCIsInJvbGUiOjEsIm5hbWUiOiLljovmtYvnlKjmiLc1IiwiaWF0IjoxNzg5NDU1MjEyLCJleHAiOjE3ODk0OTg0MTJ9.fQLg_CaxpFHBCiL4SJtX4rD4EH-jFeb30QT379kIm2Y
user05,eyJhbGciOiJIUzI1NiJ9.eyJzdWIiOiIxOCIsInJvbGUiOjEsIm5hbWUiOiLljovmtYvnlKjmiLc1IiwiaWF0IjoxNzg5NDU1MjEyLCJleHAiOjE3ODk0OTg0MTJ9.fQLg_CaxpFHBCiL4SJtX4rD4EH-jFeb30QT379kIm2Y
user05,eyJhbGciOiJIUzI1NiJ9.eyJzdWIiOiIxOCIsInJvbGUiOjEsIm5hbWUiOiLljovmtYvnlKjmiLc1IiwiaWF0IjoxNzg5NDU1MjEyLCJleHAiOjE3ODk0OTg0MTJ9.fQLg_CaxpFHBCiL4SJtX4rD4EH-jFeb30QT379kIm2Y
user05,eyJhbGciOiJIUzI1NiJ9.eyJzdWIiOiIxOCIsInJvbGUiOjEsIm5hbWUiOiLljovmtYvnlKjmiLc1IiwiaWF0IjoxNzg5NDU1MjEyLCJleHAiOjE3ODk0OTg0MTJ9.fQLg_CaxpFHBCiL4SJtX4rD4EH-jFeb30QT379kIm2Y
user06,eyJhbGciOiJIUzI1NiJ9.eyJzdWIiOiIyMSIsInJvbGUiOjEsIm5hbWUiOiLljovmtYvnlKjmiLc2IiwiaWF0IjoxNzg5NDU1MjEzLCJleHAiOjE3ODk0OTg0MTN9.7Ps1DNArO6XF6NFGGLeR_0K4dGiblLq6NE05lglaGCU
user06,eyJhbGciOiJIUzI1NiJ9.eyJzdWIiOiIyMSIsInJvbGUiOjEsIm5hbWUiOiLljovmtYvnlKjmiLc2IiwiaWF0IjoxNzg5NDU1MjEzLCJleHAiOjE3ODk0OTg0MTN9.7Ps1DNArO6XF6NFGGLeR_0K4dGiblLq6NE05lglaGCU
user06,eyJhbGciOiJIUzI1NiJ9.eyJzdWIiOiIyMSIsInJvbGUiOjEsIm5hbWUiOiLljovmtYvnlKjmiLc2IiwiaWF0IjoxNzg5NDU1MjEzLCJleHAiOjE3ODk0OTg0MTN9.7Ps1DNArO6XF6NFGGLeR_0K4dGiblLq6NE05lglaGCU
user06,eyJhbGciOiJIUzI1NiJ9.eyJzdWIiOiIyMSIsInJvbGUiOjEsIm5hbWUiOiLljovmtYvnlKjmiLc2IiwiaWF0IjoxNzg5NDU1MjEzLCJleHAiOjE3ODk0OTg0MTN9.7Ps1DNArO6XF6NFGGLeR_0K4dGiblLq6NE05lglaGCU
user06,eyJhbGciOiJIUzI1NiJ9.eyJzdWIiOiIyMSIsInJvbGUiOjEsIm5hbWUiOiLljovmtYvnlKjmiLc2IiwiaWF0IjoxNzg5NDU1MjEzLCJleHAiOjE3ODk0OTg0MTN9.7Ps1DNArO6XF6NFGGLeR_0K4dGiblLq6NE05lglaGCU
user06,eyJhbGciOiJIUzI1NiJ9.eyJzdWIiOiIyMSIsInJvbGUiOjEsIm5hbWUiOiLljovmtYvnlKjmiLc2IiwiaWF0IjoxNzg5NDU1MjEzLCJleHAiOjE3ODk0OTg0MTN9.7Ps1DNArO6XF6NFGGLeR_0K4dGiblLq6NE05lglaGCU
user06,eyJhbGciOiJIUzI1NiJ9.eyJzdWIiOiIyMSIsInJvbGUiOjEsIm5hbWUiOiLljovmtYvnlKjmiLc2IiwiaWF0IjoxNzg5NDU1MjEzLCJleHAiOjE3ODk0OTg0MTN9.7Ps1DNArO6XF6NFGGLeR_0K4dGiblLq6NE05lglaGCU
user06,eyJhbGciOiJIUzI1NiJ9.eyJzdWIiOiIyMSIsInJvbGUiOjEsIm5hbWUiOiLljovmtYvnlKjmiLc2IiwiaWF0IjoxNzg5NDU1MjEzLCJleHAiOjE3ODk0OTg0MTN9.7Ps1DNArO6XF6NFGGLeR_0K4dGiblLq6NE05lglaGCU
user06,eyJhbGciOiJIUzI1NiJ9.eyJzdWIiOiIyMSIsInJvbGUiOjEsIm5hbWUiOiLljovmtYvnlKjmiLc2IiwiaWF0IjoxNzg5NDU1MjEzLCJleHAiOjE3ODk0OTg0MTN9.7Ps1DNArO6XF6NFGGLeR_0K4dGiblLq6NE05lglaGCU
user06,eyJhbGciOiJIUzI1NiJ9.eyJzdWIiOiIyMSIsInJvbGUiOjEsIm5hbWUiOiLljovmtYvnlKjmiLc2IiwiaWF0IjoxNzg5NDU1MjEzLCJleHAiOjE3ODk0OTg0MTN9.7Ps1DNArO6XF6NFGGLeR_0K4dGiblLq6NE05lglaGCU
user07,eyJhbGciOiJIUzI1NiJ9.eyJzdWIiOiIyNCIsInJvbGUiOjEsIm5hbWUiOiLljovmtYvnlKjmiLc3IiwiaWF0IjoxNzg5NDU1MjEzLCJleHAiOjE3ODk0OTg0MTN9.YIwJW7y7rlXVUL6exp1kG1ilMfYB3cgqJFcyQk3FItU
user07,eyJhbGciOiJIUzI1NiJ9.eyJzdWIiOiIyNCIsInJvbGUiOjEsIm5hbWUiOiLljovmtYvnlKjmiLc3IiwiaWF0IjoxNzg5NDU1MjEzLCJleHAiOjE3ODk0OTg0MTN9.YIwJW7y7rlXVUL6exp1kG1ilMfYB3cgqJFcyQk3FItU
user07,eyJhbGciOiJIUzI1NiJ9.eyJzdWIiOiIyNCIsInJvbGUiOjEsIm5hbWUiOiLljovmtYvnlKjmiLc3IiwiaWF0IjoxNzg5NDU1MjEzLCJleHAiOjE3ODk0OTg0MTN9.YIwJW7y7rlXVUL6exp1kG1ilMfYB3cgqJFcyQk3FItU
user07,eyJhbGciOiJIUzI1NiJ9.eyJzdWIiOiIyNCIsInJvbGUiOjEsIm5hbWUiOiLljovmtYvnlKjmiLc3IiwiaWF0IjoxNzg5NDU1MjEzLCJleHAiOjE3ODk0OTg0MTN9.YIwJW7y7rlXVUL6exp1kG1ilMfYB3cgqJFcyQk3FItU
user07,eyJhbGciOiJIUzI1NiJ9.eyJzdWIiOiIyNCIsInJvbGUiOjEsIm5hbWUiOiLljovmtYvnlKjmiLc3IiwiaWF0IjoxNzg5NDU1MjEzLCJleHAiOjE3ODk0OTg0MTN9.YIwJW7y7rlXVUL6exp1kG1ilMfYB3cgqJFcyQk3FItU
user07,eyJhbGciOiJIUzI1NiJ9.eyJzdWIiOiIyNCIsInJvbGUiOjEsIm5hbWUiOiLljovmtYvnlKjmiLc3IiwiaWF0IjoxNzg5NDU1MjEzLCJleHAiOjE3ODk0OTg0MTN9.YIwJW7y7rlXVUL6exp1kG1ilMfYB3cgqJFcyQk3FItU
user07,eyJhbGciOiJIUzI1NiJ9.eyJzdWIiOiIyNCIsInJvbGUiOjEsIm5hbWUiOiLljovmtYvnlKjmiLc3IiwiaWF0IjoxNzg5NDU1MjEzLCJleHAiOjE3ODk0OTg0MTN9.YIwJW7y7rlXVUL6exp1kG1ilMfYB3cgqJFcyQk3FItU
user07,eyJhbGciOiJIUzI1NiJ9.eyJzdWIiOiIyNCIsInJvbGUiOjEsIm5hbWUiOiLljovmtYvnlKjmiLc3IiwiaWF0IjoxNzg5NDU1MjEzLCJleHAiOjE3ODk0OTg0MTN9.YIwJW7y7rlXVUL6exp1kG1ilMfYB3cgqJFcyQk3FItU
user07,eyJhbGciOiJIUzI1NiJ9.eyJzdWIiOiIyNCIsInJvbGUiOjEsIm5hbWUiOiLljovmtYvnlKjmiLc3IiwiaWF0IjoxNzg5NDU1MjEzLCJleHAiOjE3ODk0OTg0MTN9.YIwJW7y7rlXVUL6exp1kG1ilMfYB3cgqJFcyQk3FItU
user07,eyJhbGciOiJIUzI1NiJ9.eyJzdWIiOiIyNCIsInJvbGUiOjEsIm5hbWUiOiLljovmtYvnlKjmiLc3IiwiaWF0IjoxNzg5NDU1MjEzLCJleHAiOjE3ODk0OTg0MTN9.YIwJW7y7rlXVUL6exp1kG1ilMfYB3cgqJFcyQk3FItU
user08,eyJhbGciOiJIUzI1NiJ9.eyJzdWIiOiIyNyIsInJvbGUiOjEsIm5hbWUiOiLljovmtYvnlKjmiLc4IiwiaWF0IjoxNzg5NDU1MjEzLCJleHAiOjE3ODk0OTg0MTN9.r1__vUPdovwQmpwQOmJQTwfeZdEhpOIVhvT4DqkiSoc
user08,eyJhbGciOiJIUzI1NiJ9.eyJzdWIiOiIyNyIsInJvbGUiOjEsIm5hbWUiOiLljovmtYvnlKjmiLc4IiwiaWF0IjoxNzg5NDU1MjEzLCJleHAiOjE3ODk0OTg0MTN9.r1__vUPdovwQmpwQOmJQTwfeZdEhpOIVhvT4DqkiSoc
user08,eyJhbGciOiJIUzI1NiJ9.eyJzdWIiOiIyNyIsInJvbGUiOjEsIm5hbWUiOiLljovmtYvnlKjmiLc4IiwiaWF0IjoxNzg5NDU1MjEzLCJleHAiOjE3ODk0OTg0MTN9.r1__vUPdovwQmpwQOmJQTwfeZdEhpOIVhvT4DqkiSoc
user08,eyJhbGciOiJIUzI1NiJ9.eyJzdWIiOiIyNyIsInJvbGUiOjEsIm5hbWUiOiLljovmtYvnlKjmiLc4IiwiaWF0IjoxNzg5NDU1MjEzLCJleHAiOjE3ODk0OTg0MTN9.r1__vUPdovwQmpwQOmJQTwfeZdEhpOIVhvT4DqkiSoc
user08,eyJhbGciOiJIUzI1NiJ9.eyJzdWIiOiIyNyIsInJvbGUiOjEsIm5hbWUiOiLljovmtYvnlKjmiLc4IiwiaWF0IjoxNzg5NDU1MjEzLCJleHAiOjE3ODk0OTg0MTN9.r1__vUPdovwQmpwQOmJQTwfeZdEhpOIVhvT4DqkiSoc
user08,eyJhbGciOiJIUzI1NiJ9.eyJzdWIiOiIyNyIsInJvbGUiOjEsIm5hbWUiOiLljovmtYvnlKjmiLc4IiwiaWF0IjoxNzg5NDU1MjEzLCJleHAiOjE3ODk0OTg0MTN9.r1__vUPdovwQmpwQOmJQTwfeZdEhpOIVhvT4DqkiSoc
user08,eyJhbGciOiJIUzI1NiJ9.eyJzdWIiOiIyNyIsInJvbGUiOjEsIm5hbWUiOiLljovmtYvnlKjmiLc4IiwiaWF0IjoxNzg5NDU1MjEzLCJleHAiOjE3ODk0OTg0MTN9.r1__vUPdovwQmpwQOmJQTwfeZdEhpOIVhvT4DqkiSoc
user08,eyJhbGciOiJIUzI1NiJ9.eyJzdWIiOiIyNyIsInJvbGUiOjEsIm5hbWUiOiLljovmtYvnlKjmiLc4IiwiaWF0IjoxNzg5NDU1MjEzLCJleHAiOjE3ODk0OTg0MTN9.r1__vUPdovwQmpwQOmJQTwfeZdEhpOIVhvT4DqkiSoc
user08,eyJhbGciOiJIUzI1NiJ9.eyJzdWIiOiIyNyIsInJvbGUiOjEsIm5hbWUiOiLljovmtYvnlKjmiLc4IiwiaWF0IjoxNzg5NDU1MjEzLCJleHAiOjE3ODk0OTg0MTN9.r1__vUPdovwQmpwQOmJQTwfeZdEhpOIVhvT4DqkiSoc
user08,eyJhbGciOiJIUzI1NiJ9.eyJzdWIiOiIyNyIsInJvbGUiOjEsIm5hbWUiOiLljovmtYvnlKjmiLc4IiwiaWF0IjoxNzg5NDU1MjEzLCJleHAiOjE3ODk0OTg0MTN9.r1__vUPdovwQmpwQOmJQTwfeZdEhpOIVhvT4DqkiSoc
user09,eyJhbGciOiJIUzI1NiJ9.eyJzdWIiOiIzMCIsInJvbGUiOjEsIm5hbWUiOiLljovmtYvnlKjmiLc5IiwiaWF0IjoxNzg5NDU1MjEzLCJleHAiOjE3ODk0OTg0MTN9.UyqRN0SR7W3343ZM7o9BW4_WuvSFKS9DKq9OxT2NOpQ
user09,eyJhbGciOiJIUzI1NiJ9.eyJzdWIiOiIzMCIsInJvbGUiOjEsIm5hbWUiOiLljovmtYvnlKjmiLc5IiwiaWF0IjoxNzg5NDU1MjEzLCJleHAiOjE3ODk0OTg0MTN9.UyqRN0SR7W3343ZM7o9BW4_WuvSFKS9DKq9OxT2NOpQ
user09,eyJhbGciOiJIUzI1NiJ9.eyJzdWIiOiIzMCIsInJvbGUiOjEsIm5hbWUiOiLljovmtYvnlKjmiLc5IiwiaWF0IjoxNzg5NDU1MjEzLCJleHAiOjE3ODk0OTg0MTN9.UyqRN0SR7W3343ZM7o9BW4_WuvSFKS9DKq9OxT2NOpQ
user09,eyJhbGciOiJIUzI1NiJ9.eyJzdWIiOiIzMCIsInJvbGUiOjEsIm5hbWUiOiLljovmtYvnlKjmiLc5IiwiaWF0IjoxNzg5NDU1MjEzLCJleHAiOjE3ODk0OTg0MTN9.UyqRN0SR7W3343ZM7o9BW4_WuvSFKS9DKq9OxT2NOpQ
user09,eyJhbGciOiJIUzI1NiJ9.eyJzdWIiOiIzMCIsInJvbGUiOjEsIm5hbWUiOiLljovmtYvnlKjmiLc5IiwiaWF0IjoxNzg5NDU1MjEzLCJleHAiOjE3ODk0OTg0MTN9.UyqRN0SR7W3343ZM7o9BW4_WuvSFKS9DKq9OxT2NOpQ
user09,eyJhbGciOiJIUzI1NiJ9.eyJzdWIiOiIzMCIsInJvbGUiOjEsIm5hbWUiOiLljovmtYvnlKjmiLc5IiwiaWF0IjoxNzg5NDU1MjEzLCJleHAiOjE3ODk0OTg0MTN9.UyqRN0SR7W3343ZM7o9BW4_WuvSFKS9DKq9OxT2NOpQ
user09,eyJhbGciOiJIUzI1NiJ9.eyJzdWIiOiIzMCIsInJvbGUiOjEsIm5hbWUiOiLljovmtYvnlKjmiLc5IiwiaWF0IjoxNzg5NDU1MjEzLCJleHAiOjE3ODk0OTg0MTN9.UyqRN0SR7W3343ZM7o9BW4_WuvSFKS9DKq9OxT2NOpQ
user09,eyJhbGciOiJIUzI1NiJ9.eyJzdWIiOiIzMCIsInJvbGUiOjEsIm5hbWUiOiLljovmtYvnlKjmiLc5IiwiaWF0IjoxNzg5NDU1MjEzLCJleHAiOjE3ODk0OTg0MTN9.UyqRN0SR7W3343ZM7o9BW4_WuvSFKS9DKq9OxT2NOpQ
user09,eyJhbGciOiJIUzI1NiJ9.eyJzdWIiOiIzMCIsInJvbGUiOjEsIm5hbWUiOiLljovmtYvnlKjmiLc5IiwiaWF0IjoxNzg5NDU1MjEzLCJleHAiOjE3ODk0OTg0MTN9.UyqRN0SR7W3343ZM7o9BW4_WuvSFKS9DKq9OxT2NOpQ
user09,eyJhbGciOiJIUzI1NiJ9.eyJzdWIiOiIzMCIsInJvbGUiOjEsIm5hbWUiOiLljovmtYvnlKjmiLc5IiwiaWF0IjoxNzg5NDU1MjEzLCJleHAiOjE3ODk0OTg0MTN9.UyqRN0SR7W3343ZM7o9BW4_WuvSFKS9DKq9OxT2NOpQ
user10,eyJhbGciOiJIUzI1NiJ9.eyJzdWIiOiIzMyIsInJvbGUiOjEsIm5hbWUiOiLljovmtYvnlKjmiLcxMCIsImlhdCI6MTc4OTQ1NTIxMywiZXhwIjoxNzg5NDk4NDEzfQ.KF3Vo2M20WITHwYk-1fO7dd8zHFJI5qk-5CrX94czBQ
user10,eyJhbGciOiJIUzI1NiJ9.eyJzdWIiOiIzMyIsInJvbGUiOjEsIm5hbWUiOiLljovmtYvnlKjmiLcxMCIsImlhdCI6MTc4OTQ1NTIxMywiZXhwIjoxNzg5NDk4NDEzfQ.KF3Vo2M20WITHwYk-1fO7dd8zHFJI5qk-5CrX94czBQ
user10,eyJhbGciOiJIUzI1NiJ9.eyJzdWIiOiIzMyIsInJvbGUiOjEsIm5hbWUiOiLljovmtYvnlKjmiLcxMCIsImlhdCI6MTc4OTQ1NTIxMywiZXhwIjoxNzg5NDk4NDEzfQ.KF3Vo2M20WITHwYk-1fO7dd8zHFJI5qk-5CrX94czBQ
user10,eyJhbGciOiJIUzI1NiJ9.eyJzdWIiOiIzMyIsInJvbGUiOjEsIm5hbWUiOiLljovmtYvnlKjmiLcxMCIsImlhdCI6MTc4OTQ1NTIxMywiZXhwIjoxNzg5NDk4NDEzfQ.KF3Vo2M20WITHwYk-1fO7dd8zHFJI5qk-5CrX94czBQ
user10,eyJhbGciOiJIUzI1NiJ9.eyJzdWIiOiIzMyIsInJvbGUiOjEsIm5hbWUiOiLljovmtYvnlKjmiLcxMCIsImlhdCI6MTc4OTQ1NTIxMywiZXhwIjoxNzg5NDk4NDEzfQ.KF3Vo2M20WITHwYk-1fO7dd8zHFJI5qk-5CrX94czBQ
user10,eyJhbGciOiJIUzI1NiJ9.eyJzdWIiOiIzMyIsInJvbGUiOjEsIm5hbWUiOiLljovmtYvnlKjmiLcxMCIsImlhdCI6MTc4OTQ1NTIxMywiZXhwIjoxNzg5NDk4NDEzfQ.KF3Vo2M20WITHwYk-1fO7dd8zHFJI5qk-5CrX94czBQ
user10,eyJhbGciOiJIUzI1NiJ9.eyJzdWIiOiIzMyIsInJvbGUiOjEsIm5hbWUiOiLljovmtYvnlKjmiLcxMCIsImlhdCI6MTc4OTQ1NTIxMywiZXhwIjoxNzg5NDk4NDEzfQ.KF3Vo2M20WITHwYk-1fO7dd8zHFJI5qk-5CrX94czBQ
user10,eyJhbGciOiJIUzI1NiJ9.eyJzdWIiOiIzMyIsInJvbGUiOjEsIm5hbWUiOiLljovmtYvnlKjmiLcxMCIsImlhdCI6MTc4OTQ1NTIxMywiZXhwIjoxNzg5NDk4NDEzfQ.KF3Vo2M20WITHwYk-1fO7dd8zHFJI5qk-5CrX94czBQ
user10,eyJhbGciOiJIUzI1NiJ9.eyJzdWIiOiIzMyIsInJvbGUiOjEsIm5hbWUiOiLljovmtYvnlKjmiLcxMCIsImlhdCI6MTc4OTQ1NTIxMywiZXhwIjoxNzg5NDk4NDEzfQ.KF3Vo2M20WITHwYk-1fO7dd8zHFJI5qk-5CrX94czBQ
user10,eyJhbGciOiJIUzI1NiJ9.eyJzdWIiOiIzMyIsInJvbGUiOjEsIm5hbWUiOiLljovmtYvnlKjmiLcxMCIsImlhdCI6MTc4OTQ1NTIxMywiZXhwIjoxNzg5NDk4NDEzfQ.KF3Vo2M20WITHwYk-1fO7dd8zHFJI5qk-5CrX94czBQ
user11,eyJhbGciOiJIUzI1NiJ9.eyJzdWIiOiI1Iiwicm9sZSI6MSwibmFtZSI6IuWOi-a1i-eUqOaItzExIiwiaWF0IjoxNzg5NDU1MjEzLCJleHAiOjE3ODk0OTg0MTN9.BmS_ue5MudxcozTMHn-B5XRDd9PSmSUHBRW5IE8Ws0E
user11,eyJhbGciOiJIUzI1NiJ9.eyJzdWIiOiI1Iiwicm9sZSI6MSwibmFtZSI6IuWOi-a1i-eUqOaItzExIiwiaWF0IjoxNzg5NDU1MjEzLCJleHAiOjE3ODk0OTg0MTN9.BmS_ue5MudxcozTMHn-B5XRDd9PSmSUHBRW5IE8Ws0E
user11,eyJhbGciOiJIUzI1NiJ9.eyJzdWIiOiI1Iiwicm9sZSI6MSwibmFtZSI6IuWOi-a1i-eUqOaItzExIiwiaWF0IjoxNzg5NDU1MjEzLCJleHAiOjE3ODk0OTg0MTN9.BmS_ue5MudxcozTMHn-B5XRDd9PSmSUHBRW5IE8Ws0E
user11,eyJhbGciOiJIUzI1NiJ9.eyJzdWIiOiI1Iiwicm9sZSI6MSwibmFtZSI6IuWOi-a1i-eUqOaItzExIiwiaWF0IjoxNzg5NDU1MjEzLCJleHAiOjE3ODk0OTg0MTN9.BmS_ue5MudxcozTMHn-B5XRDd9PSmSUHBRW5IE8Ws0E
user11,eyJhbGciOiJIUzI1NiJ9.eyJzdWIiOiI1Iiwicm9sZSI6MSwibmFtZSI6IuWOi-a1i-eUqOaItzExIiwiaWF0IjoxNzg5NDU1MjEzLCJleHAiOjE3ODk0OTg0MTN9.BmS_ue5MudxcozTMHn-B5XRDd9PSmSUHBRW5IE8Ws0E
user11,eyJhbGciOiJIUzI1NiJ9.eyJzdWIiOiI1Iiwicm9sZSI6MSwibmFtZSI6IuWOi-a1i-eUqOaItzExIiwiaWF0IjoxNzg5NDU1MjEzLCJleHAiOjE3ODk0OTg0MTN9.BmS_ue5MudxcozTMHn-B5XRDd9PSmSUHBRW5IE8Ws0E
user11,eyJhbGciOiJIUzI1NiJ9.eyJzdWIiOiI1Iiwicm9sZSI6MSwibmFtZSI6IuWOi-a1i-eUqOaItzExIiwiaWF0IjoxNzg5NDU1MjEzLCJleHAiOjE3ODk0OTg0MTN9.BmS_ue5MudxcozTMHn-B5XRDd9PSmSUHBRW5IE8Ws0E
user11,eyJhbGciOiJIUzI1NiJ9.eyJzdWIiOiI1Iiwicm9sZSI6MSwibmFtZSI6IuWOi-a1i-eUqOaItzExIiwiaWF0IjoxNzg5NDU1MjEzLCJleHAiOjE3ODk0OTg0MTN9.BmS_ue5MudxcozTMHn-B5XRDd9PSmSUHBRW5IE8Ws0E
user11,eyJhbGciOiJIUzI1NiJ9.eyJzdWIiOiI1Iiwicm9sZSI6MSwibmFtZSI6IuWOi-a1i-eUqOaItzExIiwiaWF0IjoxNzg5NDU1MjEzLCJleHAiOjE3ODk0OTg0MTN9.BmS_ue5MudxcozTMHn-B5XRDd9PSmSUHBRW5IE8Ws0E
user11,eyJhbGciOiJIUzI1NiJ9.eyJzdWIiOiI1Iiwicm9sZSI6MSwibmFtZSI6IuWOi-a1i-eUqOaItzExIiwiaWF0IjoxNzg5NDU1MjEzLCJleHAiOjE3ODk0OTg0MTN9.BmS_ue5MudxcozTMHn-B5XRDd9PSmSUHBRW5IE8Ws0E
user12,eyJhbGciOiJIUzI1NiJ9.eyJzdWIiOiI4Iiwicm9sZSI6MSwibmFtZSI6IuWOi-a1i-eUqOaItzEyIiwiaWF0IjoxNzg5NDU1MjEzLCJleHAiOjE3ODk0OTg0MTN9.bkcTk7LKmjRa2TRbtR3Du_6VFMPPrmbZI7PTJFURfQ8
user12,eyJhbGciOiJIUzI1NiJ9.eyJzdWIiOiI4Iiwicm9sZSI6MSwibmFtZSI6IuWOi-a1i-eUqOaItzEyIiwiaWF0IjoxNzg5NDU1MjEzLCJleHAiOjE3ODk0OTg0MTN9.bkcTk7LKmjRa2TRbtR3Du_6VFMPPrmbZI7PTJFURfQ8
user12,eyJhbGciOiJIUzI1NiJ9.eyJzdWIiOiI4Iiwicm9sZSI6MSwibmFtZSI6IuWOi-a1i-eUqOaItzEyIiwiaWF0IjoxNzg5NDU1MjEzLCJleHAiOjE3ODk0OTg0MTN9.bkcTk7LKmjRa2TRbtR3Du_6VFMPPrmbZI7PTJFURfQ8
user12,eyJhbGciOiJIUzI1NiJ9.eyJzdWIiOiI4Iiwicm9sZSI6MSwibmFtZSI6IuWOi-a1i-eUqOaItzEyIiwiaWF0IjoxNzg5NDU1MjEzLCJleHAiOjE3ODk0OTg0MTN9.bkcTk7LKmjRa2TRbtR3Du_6VFMPPrmbZI7PTJFURfQ8
user12,eyJhbGciOiJIUzI1NiJ9.eyJzdWIiOiI4Iiwicm9sZSI6MSwibmFtZSI6IuWOi-a1i-eUqOaItzEyIiwiaWF0IjoxNzg5NDU1MjEzLCJleHAiOjE3ODk0OTg0MTN9.bkcTk7LKmjRa2TRbtR3Du_6VFMPPrmbZI7PTJFURfQ8
user12,eyJhbGciOiJIUzI1NiJ9.eyJzdWIiOiI4Iiwicm9sZSI6MSwibmFtZSI6IuWOi-a1i-eUqOaItzEyIiwiaWF0IjoxNzg5NDU1MjEzLCJleHAiOjE3ODk0OTg0MTN9.bkcTk7LKmjRa2TRbtR3Du_6VFMPPrmbZI7PTJFURfQ8
user12,eyJhbGciOiJIUzI1NiJ9.eyJzdWIiOiI4Iiwicm9sZSI6MSwibmFtZSI6IuWOi-a1i-eUqOaItzEyIiwiaWF0IjoxNzg5NDU1MjEzLCJleHAiOjE3ODk0OTg0MTN9.bkcTk7LKmjRa2TRbtR3Du_6VFMPPrmbZI7PTJFURfQ8
user12,eyJhbGciOiJIUzI1NiJ9.eyJzdWIiOiI4Iiwicm9sZSI6MSwibmFtZSI6IuWOi-a1i-eUqOaItzEyIiwiaWF0IjoxNzg5NDU1MjEzLCJleHAiOjE3ODk0OTg0MTN9.bkcTk7LKmjRa2TRbtR3Du_6VFMPPrmbZI7PTJFURfQ8
user12,eyJhbGciOiJIUzI1NiJ9.eyJzdWIiOiI4Iiwicm9sZSI6MSwibmFtZSI6IuWOi-a1i-eUqOaItzEyIiwiaWF0IjoxNzg5NDU1MjEzLCJleHAiOjE3ODk0OTg0MTN9.bkcTk7LKmjRa2TRbtR3Du_6VFMPPrmbZI7PTJFURfQ8
user12,eyJhbGciOiJIUzI1NiJ9.eyJzdWIiOiI4Iiwicm9sZSI6MSwibmFtZSI6IuWOi-a1i-eUqOaItzEyIiwiaWF0IjoxNzg5NDU1MjEzLCJleHAiOjE3ODk0OTg0MTN9.bkcTk7LKmjRa2TRbtR3Du_6VFMPPrmbZI7PTJFURfQ8
user13,eyJhbGciOiJIUzI1NiJ9.eyJzdWIiOiIxMSIsInJvbGUiOjEsIm5hbWUiOiLljovmtYvnlKjmiLcxMyIsImlhdCI6MTc4OTQ1NTIxNCwiZXhwIjoxNzg5NDk4NDE0fQ.gm3At-WhYBGT6RmyiFENGEctG96EwieXbG5ZehQlsaM
user13,eyJhbGciOiJIUzI1NiJ9.eyJzdWIiOiIxMSIsInJvbGUiOjEsIm5hbWUiOiLljovmtYvnlKjmiLcxMyIsImlhdCI6MTc4OTQ1NTIxNCwiZXhwIjoxNzg5NDk4NDE0fQ.gm3At-WhYBGT6RmyiFENGEctG96EwieXbG5ZehQlsaM
user13,eyJhbGciOiJIUzI1NiJ9.eyJzdWIiOiIxMSIsInJvbGUiOjEsIm5hbWUiOiLljovmtYvnlKjmiLcxMyIsImlhdCI6MTc4OTQ1NTIxNCwiZXhwIjoxNzg5NDk4NDE0fQ.gm3At-WhYBGT6RmyiFENGEctG96EwieXbG5ZehQlsaM
user13,eyJhbGciOiJIUzI1NiJ9.eyJzdWIiOiIxMSIsInJvbGUiOjEsIm5hbWUiOiLljovmtYvnlKjmiLcxMyIsImlhdCI6MTc4OTQ1NTIxNCwiZXhwIjoxNzg5NDk4NDE0fQ.gm3At-WhYBGT6RmyiFENGEctG96EwieXbG5ZehQlsaM
user13,eyJhbGciOiJIUzI1NiJ9.eyJzdWIiOiIxMSIsInJvbGUiOjEsIm5hbWUiOiLljovmtYvnlKjmiLcxMyIsImlhdCI6MTc4OTQ1NTIxNCwiZXhwIjoxNzg5NDk4NDE0fQ.gm3At-WhYBGT6RmyiFENGEctG96EwieXbG5ZehQlsaM
user13,eyJhbGciOiJIUzI1NiJ9.eyJzdWIiOiIxMSIsInJvbGUiOjEsIm5hbWUiOiLljovmtYvnlKjmiLcxMyIsImlhdCI6MTc4OTQ1NTIxNCwiZXhwIjoxNzg5NDk4NDE0fQ.gm3At-WhYBGT6RmyiFENGEctG96EwieXbG5ZehQlsaM
user13,eyJhbGciOiJIUzI1NiJ9.eyJzdWIiOiIxMSIsInJvbGUiOjEsIm5hbWUiOiLljovmtYvnlKjmiLcxMyIsImlhdCI6MTc4OTQ1NTIxNCwiZXhwIjoxNzg5NDk4NDE0fQ.gm3At-WhYBGT6RmyiFENGEctG96EwieXbG5ZehQlsaM
user13,eyJhbGciOiJIUzI1NiJ9.eyJzdWIiOiIxMSIsInJvbGUiOjEsIm5hbWUiOiLljovmtYvnlKjmiLcxMyIsImlhdCI6MTc4OTQ1NTIxNCwiZXhwIjoxNzg5NDk4NDE0fQ.gm3At-WhYBGT6RmyiFENGEctG96EwieXbG5ZehQlsaM
user13,eyJhbGciOiJIUzI1NiJ9.eyJzdWIiOiIxMSIsInJvbGUiOjEsIm5hbWUiOiLljovmtYvnlKjmiLcxMyIsImlhdCI6MTc4OTQ1NTIxNCwiZXhwIjoxNzg5NDk4NDE0fQ.gm3At-WhYBGT6RmyiFENGEctG96EwieXbG5ZehQlsaM
user13,eyJhbGciOiJIUzI1NiJ9.eyJzdWIiOiIxMSIsInJvbGUiOjEsIm5hbWUiOiLljovmtYvnlKjmiLcxMyIsImlhdCI6MTc4OTQ1NTIxNCwiZXhwIjoxNzg5NDk4NDE0fQ.gm3At-WhYBGT6RmyiFENGEctG96EwieXbG5ZehQlsaM
user14,eyJhbGciOiJIUzI1NiJ9.eyJzdWIiOiIxNCIsInJvbGUiOjEsIm5hbWUiOiLljovmtYvnlKjmiLcxNCIsImlhdCI6MTc4OTQ1NTIxNCwiZXhwIjoxNzg5NDk4NDE0fQ.YxAySPG8rA-6W2OoWi4XwmqHaORiLfaM32vHeL8Ue60
user14,eyJhbGciOiJIUzI1NiJ9.eyJzdWIiOiIxNCIsInJvbGUiOjEsIm5hbWUiOiLljovmtYvnlKjmiLcxNCIsImlhdCI6MTc4OTQ1NTIxNCwiZXhwIjoxNzg5NDk4NDE0fQ.YxAySPG8rA-6W2OoWi4XwmqHaORiLfaM32vHeL8Ue60
user14,eyJhbGciOiJIUzI1NiJ9.eyJzdWIiOiIxNCIsInJvbGUiOjEsIm5hbWUiOiLljovmtYvnlKjmiLcxNCIsImlhdCI6MTc4OTQ1NTIxNCwiZXhwIjoxNzg5NDk4NDE0fQ.YxAySPG8rA-6W2OoWi4XwmqHaORiLfaM32vHeL8Ue60
user14,eyJhbGciOiJIUzI1NiJ9.eyJzdWIiOiIxNCIsInJvbGUiOjEsIm5hbWUiOiLljovmtYvnlKjmiLcxNCIsImlhdCI6MTc4OTQ1NTIxNCwiZXhwIjoxNzg5NDk4NDE0fQ.YxAySPG8rA-6W2OoWi4XwmqHaORiLfaM32vHeL8Ue60
user14,eyJhbGciOiJIUzI1NiJ9.eyJzdWIiOiIxNCIsInJvbGUiOjEsIm5hbWUiOiLljovmtYvnlKjmiLcxNCIsImlhdCI6MTc4OTQ1NTIxNCwiZXhwIjoxNzg5NDk4NDE0fQ.YxAySPG8rA-6W2OoWi4XwmqHaORiLfaM32vHeL8Ue60
user14,eyJhbGciOiJIUzI1NiJ9.eyJzdWIiOiIxNCIsInJvbGUiOjEsIm5hbWUiOiLljovmtYvnlKjmiLcxNCIsImlhdCI6MTc4OTQ1NTIxNCwiZXhwIjoxNzg5NDk4NDE0fQ.YxAySPG8rA-6W2OoWi4XwmqHaORiLfaM32vHeL8Ue60
user14,eyJhbGciOiJIUzI1NiJ9.eyJzdWIiOiIxNCIsInJvbGUiOjEsIm5hbWUiOiLljovmtYvnlKjmiLcxNCIsImlhdCI6MTc4OTQ1NTIxNCwiZXhwIjoxNzg5NDk4NDE0fQ.YxAySPG8rA-6W2OoWi4XwmqHaORiLfaM32vHeL8Ue60
user14,eyJhbGciOiJIUzI1NiJ9.eyJzdWIiOiIxNCIsInJvbGUiOjEsIm5hbWUiOiLljovmtYvnlKjmiLcxNCIsImlhdCI6MTc4OTQ1NTIxNCwiZXhwIjoxNzg5NDk4NDE0fQ.YxAySPG8rA-6W2OoWi4XwmqHaORiLfaM32vHeL8Ue60
user14,eyJhbGciOiJIUzI1NiJ9.eyJzdWIiOiIxNCIsInJvbGUiOjEsIm5hbWUiOiLljovmtYvnlKjmiLcxNCIsImlhdCI6MTc4OTQ1NTIxNCwiZXhwIjoxNzg5NDk4NDE0fQ.YxAySPG8rA-6W2OoWi4XwmqHaORiLfaM32vHeL8Ue60
user14,eyJhbGciOiJIUzI1NiJ9.eyJzdWIiOiIxNCIsInJvbGUiOjEsIm5hbWUiOiLljovmtYvnlKjmiLcxNCIsImlhdCI6MTc4OTQ1NTIxNCwiZXhwIjoxNzg5NDk4NDE0fQ.YxAySPG8rA-6W2OoWi4XwmqHaORiLfaM32vHeL8Ue60
user15,eyJhbGciOiJIUzI1NiJ9.eyJzdWIiOiIxNyIsInJvbGUiOjEsIm5hbWUiOiLljovmtYvnlKjmiLcxNSIsImlhdCI6MTc4OTQ1NTIxNCwiZXhwIjoxNzg5NDk4NDE0fQ.q2_hKm6hrInUbgOlN_BfYWxZFDpNr7sdkgyvAOFskzY
user15,eyJhbGciOiJIUzI1NiJ9.eyJzdWIiOiIxNyIsInJvbGUiOjEsIm5hbWUiOiLljovmtYvnlKjmiLcxNSIsImlhdCI6MTc4OTQ1NTIxNCwiZXhwIjoxNzg5NDk4NDE0fQ.q2_hKm6hrInUbgOlN_BfYWxZFDpNr7sdkgyvAOFskzY
user15,eyJhbGciOiJIUzI1NiJ9.eyJzdWIiOiIxNyIsInJvbGUiOjEsIm5hbWUiOiLljovmtYvnlKjmiLcxNSIsImlhdCI6MTc4OTQ1NTIxNCwiZXhwIjoxNzg5NDk4NDE0fQ.q2_hKm6hrInUbgOlN_BfYWxZFDpNr7sdkgyvAOFskzY
user15,eyJhbGciOiJIUzI1NiJ9.eyJzdWIiOiIxNyIsInJvbGUiOjEsIm5hbWUiOiLljovmtYvnlKjmiLcxNSIsImlhdCI6MTc4OTQ1NTIxNCwiZXhwIjoxNzg5NDk4NDE0fQ.q2_hKm6hrInUbgOlN_BfYWxZFDpNr7sdkgyvAOFskzY
user15,eyJhbGciOiJIUzI1NiJ9.eyJzdWIiOiIxNyIsInJvbGUiOjEsIm5hbWUiOiLljovmtYvnlKjmiLcxNSIsImlhdCI6MTc4OTQ1NTIxNCwiZXhwIjoxNzg5NDk4NDE0fQ.q2_hKm6hrInUbgOlN_BfYWxZFDpNr7sdkgyvAOFskzY
user15,eyJhbGciOiJIUzI1NiJ9.eyJzdWIiOiIxNyIsInJvbGUiOjEsIm5hbWUiOiLljovmtYvnlKjmiLcxNSIsImlhdCI6MTc4OTQ1NTIxNCwiZXhwIjoxNzg5NDk4NDE0fQ.q2_hKm6hrInUbgOlN_BfYWxZFDpNr7sdkgyvAOFskzY
user15,eyJhbGciOiJIUzI1NiJ9.eyJzdWIiOiIxNyIsInJvbGUiOjEsIm5hbWUiOiLljovmtYvnlKjmiLcxNSIsImlhdCI6MTc4OTQ1NTIxNCwiZXhwIjoxNzg5NDk4NDE0fQ.q2_hKm6hrInUbgOlN_BfYWxZFDpNr7sdkgyvAOFskzY
user15,eyJhbGciOiJIUzI1NiJ9.eyJzdWIiOiIxNyIsInJvbGUiOjEsIm5hbWUiOiLljovmtYvnlKjmiLcxNSIsImlhdCI6MTc4OTQ1NTIxNCwiZXhwIjoxNzg5NDk4NDE0fQ.q2_hKm6hrInUbgOlN_BfYWxZFDpNr7sdkgyvAOFskzY
user15,eyJhbGciOiJIUzI1NiJ9.eyJzdWIiOiIxNyIsInJvbGUiOjEsIm5hbWUiOiLljovmtYvnlKjmiLcxNSIsImlhdCI6MTc4OTQ1NTIxNCwiZXhwIjoxNzg5NDk4NDE0fQ.q2_hKm6hrInUbgOlN_BfYWxZFDpNr7sdkgyvAOFskzY
user15,eyJhbGciOiJIUzI1NiJ9.eyJzdWIiOiIxNyIsInJvbGUiOjEsIm5hbWUiOiLljovmtYvnlKjmiLcxNSIsImlhdCI6MTc4OTQ1NTIxNCwiZXhwIjoxNzg5NDk4NDE0fQ.q2_hKm6hrInUbgOlN_BfYWxZFDpNr7sdkgyvAOFskzY
user16,eyJhbGciOiJIUzI1NiJ9.eyJzdWIiOiIyMCIsInJvbGUiOjEsIm5hbWUiOiLljovmtYvnlKjmiLcxNiIsImlhdCI6MTc4OTQ1NTIxNCwiZXhwIjoxNzg5NDk4NDE0fQ.Gd5i4kKynspOe6hNfTQ0mV14ZpP209EPIs_3AHUA1Jg
user16,eyJhbGciOiJIUzI1NiJ9.eyJzdWIiOiIyMCIsInJvbGUiOjEsIm5hbWUiOiLljovmtYvnlKjmiLcxNiIsImlhdCI6MTc4OTQ1NTIxNCwiZXhwIjoxNzg5NDk4NDE0fQ.Gd5i4kKynspOe6hNfTQ0mV14ZpP209EPIs_3AHUA1Jg
user16,eyJhbGciOiJIUzI1NiJ9.eyJzdWIiOiIyMCIsInJvbGUiOjEsIm5hbWUiOiLljovmtYvnlKjmiLcxNiIsImlhdCI6MTc4OTQ1NTIxNCwiZXhwIjoxNzg5NDk4NDE0fQ.Gd5i4kKynspOe6hNfTQ0mV14ZpP209EPIs_3AHUA1Jg
user16,eyJhbGciOiJIUzI1NiJ9.eyJzdWIiOiIyMCIsInJvbGUiOjEsIm5hbWUiOiLljovmtYvnlKjmiLcxNiIsImlhdCI6MTc4OTQ1NTIxNCwiZXhwIjoxNzg5NDk4NDE0fQ.Gd5i4kKynspOe6hNfTQ0mV14ZpP209EPIs_3AHUA1Jg
user16,eyJhbGciOiJIUzI1NiJ9.eyJzdWIiOiIyMCIsInJvbGUiOjEsIm5hbWUiOiLljovmtYvnlKjmiLcxNiIsImlhdCI6MTc4OTQ1NTIxNCwiZXhwIjoxNzg5NDk4NDE0fQ.Gd5i4kKynspOe6hNfTQ0mV14ZpP209EPIs_3AHUA1Jg
user16,eyJhbGciOiJIUzI1NiJ9.eyJzdWIiOiIyMCIsInJvbGUiOjEsIm5hbWUiOiLljovmtYvnlKjmiLcxNiIsImlhdCI6MTc4OTQ1NTIxNCwiZXhwIjoxNzg5NDk4NDE0fQ.Gd5i4kKynspOe6hNfTQ0mV14ZpP209EPIs_3AHUA1Jg
user16,eyJhbGciOiJIUzI1NiJ9.eyJzdWIiOiIyMCIsInJvbGUiOjEsIm5hbWUiOiLljovmtYvnlKjmiLcxNiIsImlhdCI6MTc4OTQ1NTIxNCwiZXhwIjoxNzg5NDk4NDE0fQ.Gd5i4kKynspOe6hNfTQ0mV14ZpP209EPIs_3AHUA1Jg
user16,eyJhbGciOiJIUzI1NiJ9.eyJzdWIiOiIyMCIsInJvbGUiOjEsIm5hbWUiOiLljovmtYvnlKjmiLcxNiIsImlhdCI6MTc4OTQ1NTIxNCwiZXhwIjoxNzg5NDk4NDE0fQ.Gd5i4kKynspOe6hNfTQ0mV14ZpP209EPIs_3AHUA1Jg
user16,eyJhbGciOiJIUzI1NiJ9.eyJzdWIiOiIyMCIsInJvbGUiOjEsIm5hbWUiOiLljovmtYvnlKjmiLcxNiIsImlhdCI6MTc4OTQ1NTIxNCwiZXhwIjoxNzg5NDk4NDE0fQ.Gd5i4kKynspOe6hNfTQ0mV14ZpP209EPIs_3AHUA1Jg
user16,eyJhbGciOiJIUzI1NiJ9.eyJzdWIiOiIyMCIsInJvbGUiOjEsIm5hbWUiOiLljovmtYvnlKjmiLcxNiIsImlhdCI6MTc4OTQ1NTIxNCwiZXhwIjoxNzg5NDk4NDE0fQ.Gd5i4kKynspOe6hNfTQ0mV14ZpP209EPIs_3AHUA1Jg
user17,eyJhbGciOiJIUzI1NiJ9.eyJzdWIiOiIyMyIsInJvbGUiOjEsIm5hbWUiOiLljovmtYvnlKjmiLcxNyIsImlhdCI6MTc4OTQ1NTIxNCwiZXhwIjoxNzg5NDk4NDE0fQ.w9lWNTtZjpTNn0vOGtD9w2T4N-UrcXp5bvvHvbG1fS8
user17,eyJhbGciOiJIUzI1NiJ9.eyJzdWIiOiIyMyIsInJvbGUiOjEsIm5hbWUiOiLljovmtYvnlKjmiLcxNyIsImlhdCI6MTc4OTQ1NTIxNCwiZXhwIjoxNzg5NDk4NDE0fQ.w9lWNTtZjpTNn0vOGtD9w2T4N-UrcXp5bvvHvbG1fS8
user17,eyJhbGciOiJIUzI1NiJ9.eyJzdWIiOiIyMyIsInJvbGUiOjEsIm5hbWUiOiLljovmtYvnlKjmiLcxNyIsImlhdCI6MTc4OTQ1NTIxNCwiZXhwIjoxNzg5NDk4NDE0fQ.w9lWNTtZjpTNn0vOGtD9w2T4N-UrcXp5bvvHvbG1fS8
user17,eyJhbGciOiJIUzI1NiJ9.eyJzdWIiOiIyMyIsInJvbGUiOjEsIm5hbWUiOiLljovmtYvnlKjmiLcxNyIsImlhdCI6MTc4OTQ1NTIxNCwiZXhwIjoxNzg5NDk4NDE0fQ.w9lWNTtZjpTNn0vOGtD9w2T4N-UrcXp5bvvHvbG1fS8
user17,eyJhbGciOiJIUzI1NiJ9.eyJzdWIiOiIyMyIsInJvbGUiOjEsIm5hbWUiOiLljovmtYvnlKjmiLcxNyIsImlhdCI6MTc4OTQ1NTIxNCwiZXhwIjoxNzg5NDk4NDE0fQ.w9lWNTtZjpTNn0vOGtD9w2T4N-UrcXp5bvvHvbG1fS8
user17,eyJhbGciOiJIUzI1NiJ9.eyJzdWIiOiIyMyIsInJvbGUiOjEsIm5hbWUiOiLljovmtYvnlKjmiLcxNyIsImlhdCI6MTc4OTQ1NTIxNCwiZXhwIjoxNzg5NDk4NDE0fQ.w9lWNTtZjpTNn0vOGtD9w2T4N-UrcXp5bvvHvbG1fS8
user17,eyJhbGciOiJIUzI1NiJ9.eyJzdWIiOiIyMyIsInJvbGUiOjEsIm5hbWUiOiLljovmtYvnlKjmiLcxNyIsImlhdCI6MTc4OTQ1NTIxNCwiZXhwIjoxNzg5NDk4NDE0fQ.w9lWNTtZjpTNn0vOGtD9w2T4N-UrcXp5bvvHvbG1fS8
user17,eyJhbGciOiJIUzI1NiJ9.eyJzdWIiOiIyMyIsInJvbGUiOjEsIm5hbWUiOiLljovmtYvnlKjmiLcxNyIsImlhdCI6MTc4OTQ1NTIxNCwiZXhwIjoxNzg5NDk4NDE0fQ.w9lWNTtZjpTNn0vOGtD9w2T4N-UrcXp5bvvHvbG1fS8
user17,eyJhbGciOiJIUzI1NiJ9.eyJzdWIiOiIyMyIsInJvbGUiOjEsIm5hbWUiOiLljovmtYvnlKjmiLcxNyIsImlhdCI6MTc4OTQ1NTIxNCwiZXhwIjoxNzg5NDk4NDE0fQ.w9lWNTtZjpTNn0vOGtD9w2T4N-UrcXp5bvvHvbG1fS8
user17,eyJhbGciOiJIUzI1NiJ9.eyJzdWIiOiIyMyIsInJvbGUiOjEsIm5hbWUiOiLljovmtYvnlKjmiLcxNyIsImlhdCI6MTc4OTQ1NTIxNCwiZXhwIjoxNzg5NDk4NDE0fQ.w9lWNTtZjpTNn0vOGtD9w2T4N-UrcXp5bvvHvbG1fS8
user18,eyJhbGciOiJIUzI1NiJ9.eyJzdWIiOiIyNiIsInJvbGUiOjEsIm5hbWUiOiLljovmtYvnlKjmiLcxOCIsImlhdCI6MTc4OTQ1NTIxNCwiZXhwIjoxNzg5NDk4NDE0fQ.GyEcr5BsBoQkcdfWLRCZwev0rqiErDj-HhXEEUOzM8I
user18,eyJhbGciOiJIUzI1NiJ9.eyJzdWIiOiIyNiIsInJvbGUiOjEsIm5hbWUiOiLljovmtYvnlKjmiLcxOCIsImlhdCI6MTc4OTQ1NTIxNCwiZXhwIjoxNzg5NDk4NDE0fQ.GyEcr5BsBoQkcdfWLRCZwev0rqiErDj-HhXEEUOzM8I
user18,eyJhbGciOiJIUzI1NiJ9.eyJzdWIiOiIyNiIsInJvbGUiOjEsIm5hbWUiOiLljovmtYvnlKjmiLcxOCIsImlhdCI6MTc4OTQ1NTIxNCwiZXhwIjoxNzg5NDk4NDE0fQ.GyEcr5BsBoQkcdfWLRCZwev0rqiErDj-HhXEEUOzM8I
user18,eyJhbGciOiJIUzI1NiJ9.eyJzdWIiOiIyNiIsInJvbGUiOjEsIm5hbWUiOiLljovmtYvnlKjmiLcxOCIsImlhdCI6MTc4OTQ1NTIxNCwiZXhwIjoxNzg5NDk4NDE0fQ.GyEcr5BsBoQkcdfWLRCZwev0rqiErDj-HhXEEUOzM8I
user18,eyJhbGciOiJIUzI1NiJ9.eyJzdWIiOiIyNiIsInJvbGUiOjEsIm5hbWUiOiLljovmtYvnlKjmiLcxOCIsImlhdCI6MTc4OTQ1NTIxNCwiZXhwIjoxNzg5NDk4NDE0fQ.GyEcr5BsBoQkcdfWLRCZwev0rqiErDj-HhXEEUOzM8I
user18,eyJhbGciOiJIUzI1NiJ9.eyJzdWIiOiIyNiIsInJvbGUiOjEsIm5hbWUiOiLljovmtYvnlKjmiLcxOCIsImlhdCI6MTc4OTQ1NTIxNCwiZXhwIjoxNzg5NDk4NDE0fQ.GyEcr5BsBoQkcdfWLRCZwev0rqiErDj-HhXEEUOzM8I
user18,eyJhbGciOiJIUzI1NiJ9.eyJzdWIiOiIyNiIsInJvbGUiOjEsIm5hbWUiOiLljovmtYvnlKjmiLcxOCIsImlhdCI6MTc4OTQ1NTIxNCwiZXhwIjoxNzg5NDk4NDE0fQ.GyEcr5BsBoQkcdfWLRCZwev0rqiErDj-HhXEEUOzM8I
user18,eyJhbGciOiJIUzI1NiJ9.eyJzdWIiOiIyNiIsInJvbGUiOjEsIm5hbWUiOiLljovmtYvnlKjmiLcxOCIsImlhdCI6MTc4OTQ1NTIxNCwiZXhwIjoxNzg5NDk4NDE0fQ.GyEcr5BsBoQkcdfWLRCZwev0rqiErDj-HhXEEUOzM8I
user18,eyJhbGciOiJIUzI1NiJ9.eyJzdWIiOiIyNiIsInJvbGUiOjEsIm5hbWUiOiLljovmtYvnlKjmiLcxOCIsImlhdCI6MTc4OTQ1NTIxNCwiZXhwIjoxNzg5NDk4NDE0fQ.GyEcr5BsBoQkcdfWLRCZwev0rqiErDj-HhXEEUOzM8I
user18,eyJhbGciOiJIUzI1NiJ9.eyJzdWIiOiIyNiIsInJvbGUiOjEsIm5hbWUiOiLljovmtYvnlKjmiLcxOCIsImlhdCI6MTc4OTQ1NTIxNCwiZXhwIjoxNzg5NDk4NDE0fQ.GyEcr5BsBoQkcdfWLRCZwev0rqiErDj-HhXEEUOzM8I
user19,eyJhbGciOiJIUzI1NiJ9.eyJzdWIiOiIyOSIsInJvbGUiOjEsIm5hbWUiOiLljovmtYvnlKjmiLcxOSIsImlhdCI6MTc4OTQ1NTIxNSwiZXhwIjoxNzg5NDk4NDE1fQ.m5nkdMSVW-G6uWyo4uV83CfkUsgMulzmi-CeCtl55Fs
user19,eyJhbGciOiJIUzI1NiJ9.eyJzdWIiOiIyOSIsInJvbGUiOjEsIm5hbWUiOiLljovmtYvnlKjmiLcxOSIsImlhdCI6MTc4OTQ1NTIxNSwiZXhwIjoxNzg5NDk4NDE1fQ.m5nkdMSVW-G6uWyo4uV83CfkUsgMulzmi-CeCtl55Fs
user19,eyJhbGciOiJIUzI1NiJ9.eyJzdWIiOiIyOSIsInJvbGUiOjEsIm5hbWUiOiLljovmtYvnlKjmiLcxOSIsImlhdCI6MTc4OTQ1NTIxNSwiZXhwIjoxNzg5NDk4NDE1fQ.m5nkdMSVW-G6uWyo4uV83CfkUsgMulzmi-CeCtl55Fs
user19,eyJhbGciOiJIUzI1NiJ9.eyJzdWIiOiIyOSIsInJvbGUiOjEsIm5hbWUiOiLljovmtYvnlKjmiLcxOSIsImlhdCI6MTc4OTQ1NTIxNSwiZXhwIjoxNzg5NDk4NDE1fQ.m5nkdMSVW-G6uWyo4uV83CfkUsgMulzmi-CeCtl55Fs
user19,eyJhbGciOiJIUzI1NiJ9.eyJzdWIiOiIyOSIsInJvbGUiOjEsIm5hbWUiOiLljovmtYvnlKjmiLcxOSIsImlhdCI6MTc4OTQ1NTIxNSwiZXhwIjoxNzg5NDk4NDE1fQ.m5nkdMSVW-G6uWyo4uV83CfkUsgMulzmi-CeCtl55Fs
user19,eyJhbGciOiJIUzI1NiJ9.eyJzdWIiOiIyOSIsInJvbGUiOjEsIm5hbWUiOiLljovmtYvnlKjmiLcxOSIsImlhdCI6MTc4OTQ1NTIxNSwiZXhwIjoxNzg5NDk4NDE1fQ.m5nkdMSVW-G6uWyo4uV83CfkUsgMulzmi-CeCtl55Fs
user19,eyJhbGciOiJIUzI1NiJ9.eyJzdWIiOiIyOSIsInJvbGUiOjEsIm5hbWUiOiLljovmtYvnlKjmiLcxOSIsImlhdCI6MTc4OTQ1NTIxNSwiZXhwIjoxNzg5NDk4NDE1fQ.m5nkdMSVW-G6uWyo4uV83CfkUsgMulzmi-CeCtl55Fs
user19,eyJhbGciOiJIUzI1NiJ9.eyJzdWIiOiIyOSIsInJvbGUiOjEsIm5hbWUiOiLljovmtYvnlKjmiLcxOSIsImlhdCI6MTc4OTQ1NTIxNSwiZXhwIjoxNzg5NDk4NDE1fQ.m5nkdMSVW-G6uWyo4uV83CfkUsgMulzmi-CeCtl55Fs
user19,eyJhbGciOiJIUzI1NiJ9.eyJzdWIiOiIyOSIsInJvbGUiOjEsIm5hbWUiOiLljovmtYvnlKjmiLcxOSIsImlhdCI6MTc4OTQ1NTIxNSwiZXhwIjoxNzg5NDk4NDE1fQ.m5nkdMSVW-G6uWyo4uV83CfkUsgMulzmi-CeCtl55Fs
user19,eyJhbGciOiJIUzI1NiJ9.eyJzdWIiOiIyOSIsInJvbGUiOjEsIm5hbWUiOiLljovmtYvnlKjmiLcxOSIsImlhdCI6MTc4OTQ1NTIxNSwiZXhwIjoxNzg5NDk4NDE1fQ.m5nkdMSVW-G6uWyo4uV83CfkUsgMulzmi-CeCtl55Fs
user20,eyJhbGciOiJIUzI1NiJ9.eyJzdWIiOiIzMiIsInJvbGUiOjEsIm5hbWUiOiLljovmtYvnlKjmiLcyMCIsImlhdCI6MTc4OTQ1NTIxNSwiZXhwIjoxNzg5NDk4NDE1fQ.wxOHms0mLlc90i6U1viZQDxhZLOKJ0AshQcFWaStfOY
user20,eyJhbGciOiJIUzI1NiJ9.eyJzdWIiOiIzMiIsInJvbGUiOjEsIm5hbWUiOiLljovmtYvnlKjmiLcyMCIsImlhdCI6MTc4OTQ1NTIxNSwiZXhwIjoxNzg5NDk4NDE1fQ.wxOHms0mLlc90i6U1viZQDxhZLOKJ0AshQcFWaStfOY
user20,eyJhbGciOiJIUzI1NiJ9.eyJzdWIiOiIzMiIsInJvbGUiOjEsIm5hbWUiOiLljovmtYvnlKjmiLcyMCIsImlhdCI6MTc4OTQ1NTIxNSwiZXhwIjoxNzg5NDk4NDE1fQ.wxOHms0mLlc90i6U1viZQDxhZLOKJ0AshQcFWaStfOY
user20,eyJhbGciOiJIUzI1NiJ9.eyJzdWIiOiIzMiIsInJvbGUiOjEsIm5hbWUiOiLljovmtYvnlKjmiLcyMCIsImlhdCI6MTc4OTQ1NTIxNSwiZXhwIjoxNzg5NDk4NDE1fQ.wxOHms0mLlc90i6U1viZQDxhZLOKJ0AshQcFWaStfOY
user20,eyJhbGciOiJIUzI1NiJ9.eyJzdWIiOiIzMiIsInJvbGUiOjEsIm5hbWUiOiLljovmtYvnlKjmiLcyMCIsImlhdCI6MTc4OTQ1NTIxNSwiZXhwIjoxNzg5NDk4NDE1fQ.wxOHms0mLlc90i6U1viZQDxhZLOKJ0AshQcFWaStfOY
user20,eyJhbGciOiJIUzI1NiJ9.eyJzdWIiOiIzMiIsInJvbGUiOjEsIm5hbWUiOiLljovmtYvnlKjmiLcyMCIsImlhdCI6MTc4OTQ1NTIxNSwiZXhwIjoxNzg5NDk4NDE1fQ.wxOHms0mLlc90i6U1viZQDxhZLOKJ0AshQcFWaStfOY
user20,eyJhbGciOiJIUzI1NiJ9.eyJzdWIiOiIzMiIsInJvbGUiOjEsIm5hbWUiOiLljovmtYvnlKjmiLcyMCIsImlhdCI6MTc4OTQ1NTIxNSwiZXhwIjoxNzg5NDk4NDE1fQ.wxOHms0mLlc90i6U1viZQDxhZLOKJ0AshQcFWaStfOY
user20,eyJhbGciOiJIUzI1NiJ9.eyJzdWIiOiIzMiIsInJvbGUiOjEsIm5hbWUiOiLljovmtYvnlKjmiLcyMCIsImlhdCI6MTc4OTQ1NTIxNSwiZXhwIjoxNzg5NDk4NDE1fQ.wxOHms0mLlc90i6U1viZQDxhZLOKJ0AshQcFWaStfOY
user20,eyJhbGciOiJIUzI1NiJ9.eyJzdWIiOiIzMiIsInJvbGUiOjEsIm5hbWUiOiLljovmtYvnlKjmiLcyMCIsImlhdCI6MTc4OTQ1NTIxNSwiZXhwIjoxNzg5NDk4NDE1fQ.wxOHms0mLlc90i6U1viZQDxhZLOKJ0AshQcFWaStfOY
user20,eyJhbGciOiJIUzI1NiJ9.eyJzdWIiOiIzMiIsInJvbGUiOjEsIm5hbWUiOiLljovmtYvnlKjmiLcyMCIsImlhdCI6MTc4OTQ1NTIxNSwiZXhwIjoxNzg5NDk4NDE1fQ.wxOHms0mLlc90i6U1viZQDxhZLOKJ0AshQcFWaStfOY
user21,eyJhbGciOiJIUzI1NiJ9.eyJzdWIiOiI0Iiwicm9sZSI6MSwibmFtZSI6IuWOi-a1i-eUqOaItzIxIiwiaWF0IjoxNzg5NDU1MjE1LCJleHAiOjE3ODk0OTg0MTV9.qxzmcTzKKCeb2uSwu5sYPM5l-TLPXybesrXBDsr7ckI
user21,eyJhbGciOiJIUzI1NiJ9.eyJzdWIiOiI0Iiwicm9sZSI6MSwibmFtZSI6IuWOi-a1i-eUqOaItzIxIiwiaWF0IjoxNzg5NDU1MjE1LCJleHAiOjE3ODk0OTg0MTV9.qxzmcTzKKCeb2uSwu5sYPM5l-TLPXybesrXBDsr7ckI
user21,eyJhbGciOiJIUzI1NiJ9.eyJzdWIiOiI0Iiwicm9sZSI6MSwibmFtZSI6IuWOi-a1i-eUqOaItzIxIiwiaWF0IjoxNzg5NDU1MjE1LCJleHAiOjE3ODk0OTg0MTV9.qxzmcTzKKCeb2uSwu5sYPM5l-TLPXybesrXBDsr7ckI
user21,eyJhbGciOiJIUzI1NiJ9.eyJzdWIiOiI0Iiwicm9sZSI6MSwibmFtZSI6IuWOi-a1i-eUqOaItzIxIiwiaWF0IjoxNzg5NDU1MjE1LCJleHAiOjE3ODk0OTg0MTV9.qxzmcTzKKCeb2uSwu5sYPM5l-TLPXybesrXBDsr7ckI
user21,eyJhbGciOiJIUzI1NiJ9.eyJzdWIiOiI0Iiwicm9sZSI6MSwibmFtZSI6IuWOi-a1i-eUqOaItzIxIiwiaWF0IjoxNzg5NDU1MjE1LCJleHAiOjE3ODk0OTg0MTV9.qxzmcTzKKCeb2uSwu5sYPM5l-TLPXybesrXBDsr7ckI
user21,eyJhbGciOiJIUzI1NiJ9.eyJzdWIiOiI0Iiwicm9sZSI6MSwibmFtZSI6IuWOi-a1i-eUqOaItzIxIiwiaWF0IjoxNzg5NDU1MjE1LCJleHAiOjE3ODk0OTg0MTV9.qxzmcTzKKCeb2uSwu5sYPM5l-TLPXybesrXBDsr7ckI
user21,eyJhbGciOiJIUzI1NiJ9.eyJzdWIiOiI0Iiwicm9sZSI6MSwibmFtZSI6IuWOi-a1i-eUqOaItzIxIiwiaWF0IjoxNzg5NDU1MjE1LCJleHAiOjE3ODk0OTg0MTV9.qxzmcTzKKCeb2uSwu5sYPM5l-TLPXybesrXBDsr7ckI
user21,eyJhbGciOiJIUzI1NiJ9.eyJzdWIiOiI0Iiwicm9sZSI6MSwibmFtZSI6IuWOi-a1i-eUqOaItzIxIiwiaWF0IjoxNzg5NDU1MjE1LCJleHAiOjE3ODk0OTg0MTV9.qxzmcTzKKCeb2uSwu5sYPM5l-TLPXybesrXBDsr7ckI
user21,eyJhbGciOiJIUzI1NiJ9.eyJzdWIiOiI0Iiwicm9sZSI6MSwibmFtZSI6IuWOi-a1i-eUqOaItzIxIiwiaWF0IjoxNzg5NDU1MjE1LCJleHAiOjE3ODk0OTg0MTV9.qxzmcTzKKCeb2uSwu5sYPM5l-TLPXybesrXBDsr7ckI
user21,eyJhbGciOiJIUzI1NiJ9.eyJzdWIiOiI0Iiwicm9sZSI6MSwibmFtZSI6IuWOi-a1i-eUqOaItzIxIiwiaWF0IjoxNzg5NDU1MjE1LCJleHAiOjE3ODk0OTg0MTV9.qxzmcTzKKCeb2uSwu5sYPM5l-TLPXybesrXBDsr7ckI
user22,eyJhbGciOiJIUzI1NiJ9.eyJzdWIiOiI3Iiwicm9sZSI6MSwibmFtZSI6IuWOi-a1i-eUqOaItzIyIiwiaWF0IjoxNzg5NDU1MjE1LCJleHAiOjE3ODk0OTg0MTV9.BlDGeabiraw5-GhpQ1mxK2jZMerh0nEb8ckR3QS6rRo
user22,eyJhbGciOiJIUzI1NiJ9.eyJzdWIiOiI3Iiwicm9sZSI6MSwibmFtZSI6IuWOi-a1i-eUqOaItzIyIiwiaWF0IjoxNzg5NDU1MjE1LCJleHAiOjE3ODk0OTg0MTV9.BlDGeabiraw5-GhpQ1mxK2jZMerh0nEb8ckR3QS6rRo
user22,eyJhbGciOiJIUzI1NiJ9.eyJzdWIiOiI3Iiwicm9sZSI6MSwibmFtZSI6IuWOi-a1i-eUqOaItzIyIiwiaWF0IjoxNzg5NDU1MjE1LCJleHAiOjE3ODk0OTg0MTV9.BlDGeabiraw5-GhpQ1mxK2jZMerh0nEb8ckR3QS6rRo
user22,eyJhbGciOiJIUzI1NiJ9.eyJzdWIiOiI3Iiwicm9sZSI6MSwibmFtZSI6IuWOi-a1i-eUqOaItzIyIiwiaWF0IjoxNzg5NDU1MjE1LCJleHAiOjE3ODk0OTg0MTV9.BlDGeabiraw5-GhpQ1mxK2jZMerh0nEb8ckR3QS6rRo
user22,eyJhbGciOiJIUzI1NiJ9.eyJzdWIiOiI3Iiwicm9sZSI6MSwibmFtZSI6IuWOi-a1i-eUqOaItzIyIiwiaWF0IjoxNzg5NDU1MjE1LCJleHAiOjE3ODk0OTg0MTV9.BlDGeabiraw5-GhpQ1mxK2jZMerh0nEb8ckR3QS6rRo
user22,eyJhbGciOiJIUzI1NiJ9.eyJzdWIiOiI3Iiwicm9sZSI6MSwibmFtZSI6IuWOi-a1i-eUqOaItzIyIiwiaWF0IjoxNzg5NDU1MjE1LCJleHAiOjE3ODk0OTg0MTV9.BlDGeabiraw5-GhpQ1mxK2jZMerh0nEb8ckR3QS6rRo
user22,eyJhbGciOiJIUzI1NiJ9.eyJzdWIiOiI3Iiwicm9sZSI6MSwibmFtZSI6IuWOi-a1i-eUqOaItzIyIiwiaWF0IjoxNzg5NDU1MjE1LCJleHAiOjE3ODk0OTg0MTV9.BlDGeabiraw5-GhpQ1mxK2jZMerh0nEb8ckR3QS6rRo
user22,eyJhbGciOiJIUzI1NiJ9.eyJzdWIiOiI3Iiwicm9sZSI6MSwibmFtZSI6IuWOi-a1i-eUqOaItzIyIiwiaWF0IjoxNzg5NDU1MjE1LCJleHAiOjE3ODk0OTg0MTV9.BlDGeabiraw5-GhpQ1mxK2jZMerh0nEb8ckR3QS6rRo
user22,eyJhbGciOiJIUzI1NiJ9.eyJzdWIiOiI3Iiwicm9sZSI6MSwibmFtZSI6IuWOi-a1i-eUqOaItzIyIiwiaWF0IjoxNzg5NDU1MjE1LCJleHAiOjE3ODk0OTg0MTV9.BlDGeabiraw5-GhpQ1mxK2jZMerh0nEb8ckR3QS6rRo
user22,eyJhbGciOiJIUzI1NiJ9.eyJzdWIiOiI3Iiwicm9sZSI6MSwibmFtZSI6IuWOi-a1i-eUqOaItzIyIiwiaWF0IjoxNzg5NDU1MjE1LCJleHAiOjE3ODk0OTg0MTV9.BlDGeabiraw5-GhpQ1mxK2jZMerh0nEb8ckR3QS6rRo
user23,eyJhbGciOiJIUzI1NiJ9.eyJzdWIiOiIxMCIsInJvbGUiOjEsIm5hbWUiOiLljovmtYvnlKjmiLcyMyIsImlhdCI6MTc4OTQ1NTIxNSwiZXhwIjoxNzg5NDk4NDE1fQ.IhGrcnRZ1tF8MaAQ1C_m7Ge_JxC9XUzEBmGb5fJakhE
user23,eyJhbGciOiJIUzI1NiJ9.eyJzdWIiOiIxMCIsInJvbGUiOjEsIm5hbWUiOiLljovmtYvnlKjmiLcyMyIsImlhdCI6MTc4OTQ1NTIxNSwiZXhwIjoxNzg5NDk4NDE1fQ.IhGrcnRZ1tF8MaAQ1C_m7Ge_JxC9XUzEBmGb5fJakhE
user23,eyJhbGciOiJIUzI1NiJ9.eyJzdWIiOiIxMCIsInJvbGUiOjEsIm5hbWUiOiLljovmtYvnlKjmiLcyMyIsImlhdCI6MTc4OTQ1NTIxNSwiZXhwIjoxNzg5NDk4NDE1fQ.IhGrcnRZ1tF8MaAQ1C_m7Ge_JxC9XUzEBmGb5fJakhE
user23,eyJhbGciOiJIUzI1NiJ9.eyJzdWIiOiIxMCIsInJvbGUiOjEsIm5hbWUiOiLljovmtYvnlKjmiLcyMyIsImlhdCI6MTc4OTQ1NTIxNSwiZXhwIjoxNzg5NDk4NDE1fQ.IhGrcnRZ1tF8MaAQ1C_m7Ge_JxC9XUzEBmGb5fJakhE
user23,eyJhbGciOiJIUzI1NiJ9.eyJzdWIiOiIxMCIsInJvbGUiOjEsIm5hbWUiOiLljovmtYvnlKjmiLcyMyIsImlhdCI6MTc4OTQ1NTIxNSwiZXhwIjoxNzg5NDk4NDE1fQ.IhGrcnRZ1tF8MaAQ1C_m7Ge_JxC9XUzEBmGb5fJakhE
user23,eyJhbGciOiJIUzI1NiJ9.eyJzdWIiOiIxMCIsInJvbGUiOjEsIm5hbWUiOiLljovmtYvnlKjmiLcyMyIsImlhdCI6MTc4OTQ1NTIxNSwiZXhwIjoxNzg5NDk4NDE1fQ.IhGrcnRZ1tF8MaAQ1C_m7Ge_JxC9XUzEBmGb5fJakhE
user23,eyJhbGciOiJIUzI1NiJ9.eyJzdWIiOiIxMCIsInJvbGUiOjEsIm5hbWUiOiLljovmtYvnlKjmiLcyMyIsImlhdCI6MTc4OTQ1NTIxNSwiZXhwIjoxNzg5NDk4NDE1fQ.IhGrcnRZ1tF8MaAQ1C_m7Ge_JxC9XUzEBmGb5fJakhE
user23,eyJhbGciOiJIUzI1NiJ9.eyJzdWIiOiIxMCIsInJvbGUiOjEsIm5hbWUiOiLljovmtYvnlKjmiLcyMyIsImlhdCI6MTc4OTQ1NTIxNSwiZXhwIjoxNzg5NDk4NDE1fQ.IhGrcnRZ1tF8MaAQ1C_m7Ge_JxC9XUzEBmGb5fJakhE
user23,eyJhbGciOiJIUzI1NiJ9.eyJzdWIiOiIxMCIsInJvbGUiOjEsIm5hbWUiOiLljovmtYvnlKjmiLcyMyIsImlhdCI6MTc4OTQ1NTIxNSwiZXhwIjoxNzg5NDk4NDE1fQ.IhGrcnRZ1tF8MaAQ1C_m7Ge_JxC9XUzEBmGb5fJakhE
user23,eyJhbGciOiJIUzI1NiJ9.eyJzdWIiOiIxMCIsInJvbGUiOjEsIm5hbWUiOiLljovmtYvnlKjmiLcyMyIsImlhdCI6MTc4OTQ1NTIxNSwiZXhwIjoxNzg5NDk4NDE1fQ.IhGrcnRZ1tF8MaAQ1C_m7Ge_JxC9XUzEBmGb5fJakhE
user24,eyJhbGciOiJIUzI1NiJ9.eyJzdWIiOiIxMyIsInJvbGUiOjEsIm5hbWUiOiLljovmtYvnlKjmiLcyNCIsImlhdCI6MTc4OTQ1NTIxNSwiZXhwIjoxNzg5NDk4NDE1fQ.7hL20oijQf6XbGdQJ-O8SLkqwfaQchrwF9OR7q000Uw
user24,eyJhbGciOiJIUzI1NiJ9.eyJzdWIiOiIxMyIsInJvbGUiOjEsIm5hbWUiOiLljovmtYvnlKjmiLcyNCIsImlhdCI6MTc4OTQ1NTIxNSwiZXhwIjoxNzg5NDk4NDE1fQ.7hL20oijQf6XbGdQJ-O8SLkqwfaQchrwF9OR7q000Uw
user24,eyJhbGciOiJIUzI1NiJ9.eyJzdWIiOiIxMyIsInJvbGUiOjEsIm5hbWUiOiLljovmtYvnlKjmiLcyNCIsImlhdCI6MTc4OTQ1NTIxNSwiZXhwIjoxNzg5NDk4NDE1fQ.7hL20oijQf6XbGdQJ-O8SLkqwfaQchrwF9OR7q000Uw
user24,eyJhbGciOiJIUzI1NiJ9.eyJzdWIiOiIxMyIsInJvbGUiOjEsIm5hbWUiOiLljovmtYvnlKjmiLcyNCIsImlhdCI6MTc4OTQ1NTIxNSwiZXhwIjoxNzg5NDk4NDE1fQ.7hL20oijQf6XbGdQJ-O8SLkqwfaQchrwF9OR7q000Uw
user24,eyJhbGciOiJIUzI1NiJ9.eyJzdWIiOiIxMyIsInJvbGUiOjEsIm5hbWUiOiLljovmtYvnlKjmiLcyNCIsImlhdCI6MTc4OTQ1NTIxNSwiZXhwIjoxNzg5NDk4NDE1fQ.7hL20oijQf6XbGdQJ-O8SLkqwfaQchrwF9OR7q000Uw
user24,eyJhbGciOiJIUzI1NiJ9.eyJzdWIiOiIxMyIsInJvbGUiOjEsIm5hbWUiOiLljovmtYvnlKjmiLcyNCIsImlhdCI6MTc4OTQ1NTIxNSwiZXhwIjoxNzg5NDk4NDE1fQ.7hL20oijQf6XbGdQJ-O8SLkqwfaQchrwF9OR7q000Uw
user24,eyJhbGciOiJIUzI1NiJ9.eyJzdWIiOiIxMyIsInJvbGUiOjEsIm5hbWUiOiLljovmtYvnlKjmiLcyNCIsImlhdCI6MTc4OTQ1NTIxNSwiZXhwIjoxNzg5NDk4NDE1fQ.7hL20oijQf6XbGdQJ-O8SLkqwfaQchrwF9OR7q000Uw
user24,eyJhbGciOiJIUzI1NiJ9.eyJzdWIiOiIxMyIsInJvbGUiOjEsIm5hbWUiOiLljovmtYvnlKjmiLcyNCIsImlhdCI6MTc4OTQ1NTIxNSwiZXhwIjoxNzg5NDk4NDE1fQ.7hL20oijQf6XbGdQJ-O8SLkqwfaQchrwF9OR7q000Uw
user24,eyJhbGciOiJIUzI1NiJ9.eyJzdWIiOiIxMyIsInJvbGUiOjEsIm5hbWUiOiLljovmtYvnlKjmiLcyNCIsImlhdCI6MTc4OTQ1NTIxNSwiZXhwIjoxNzg5NDk4NDE1fQ.7hL20oijQf6XbGdQJ-O8SLkqwfaQchrwF9OR7q000Uw
user24,eyJhbGciOiJIUzI1NiJ9.eyJzdWIiOiIxMyIsInJvbGUiOjEsIm5hbWUiOiLljovmtYvnlKjmiLcyNCIsImlhdCI6MTc4OTQ1NTIxNSwiZXhwIjoxNzg5NDk4NDE1fQ.7hL20oijQf6XbGdQJ-O8SLkqwfaQchrwF9OR7q000Uw
user25,eyJhbGciOiJIUzI1NiJ9.eyJzdWIiOiIxNiIsInJvbGUiOjEsIm5hbWUiOiLljovmtYvnlKjmiLcyNSIsImlhdCI6MTc4OTQ1NTIxNSwiZXhwIjoxNzg5NDk4NDE1fQ.EZmqX3neKvHATw51ldUqFlQ5kYxxO25LIWFHbNIFXQQ
user25,eyJhbGciOiJIUzI1NiJ9.eyJzdWIiOiIxNiIsInJvbGUiOjEsIm5hbWUiOiLljovmtYvnlKjmiLcyNSIsImlhdCI6MTc4OTQ1NTIxNSwiZXhwIjoxNzg5NDk4NDE1fQ.EZmqX3neKvHATw51ldUqFlQ5kYxxO25LIWFHbNIFXQQ
user25,eyJhbGciOiJIUzI1NiJ9.eyJzdWIiOiIxNiIsInJvbGUiOjEsIm5hbWUiOiLljovmtYvnlKjmiLcyNSIsImlhdCI6MTc4OTQ1NTIxNSwiZXhwIjoxNzg5NDk4NDE1fQ.EZmqX3neKvHATw51ldUqFlQ5kYxxO25LIWFHbNIFXQQ
user25,eyJhbGciOiJIUzI1NiJ9.eyJzdWIiOiIxNiIsInJvbGUiOjEsIm5hbWUiOiLljovmtYvnlKjmiLcyNSIsImlhdCI6MTc4OTQ1NTIxNSwiZXhwIjoxNzg5NDk4NDE1fQ.EZmqX3neKvHATw51ldUqFlQ5kYxxO25LIWFHbNIFXQQ
user25,eyJhbGciOiJIUzI1NiJ9.eyJzdWIiOiIxNiIsInJvbGUiOjEsIm5hbWUiOiLljovmtYvnlKjmiLcyNSIsImlhdCI6MTc4OTQ1NTIxNSwiZXhwIjoxNzg5NDk4NDE1fQ.EZmqX3neKvHATw51ldUqFlQ5kYxxO25LIWFHbNIFXQQ
user25,eyJhbGciOiJIUzI1NiJ9.eyJzdWIiOiIxNiIsInJvbGUiOjEsIm5hbWUiOiLljovmtYvnlKjmiLcyNSIsImlhdCI6MTc4OTQ1NTIxNSwiZXhwIjoxNzg5NDk4NDE1fQ.EZmqX3neKvHATw51ldUqFlQ5kYxxO25LIWFHbNIFXQQ
user25,eyJhbGciOiJIUzI1NiJ9.eyJzdWIiOiIxNiIsInJvbGUiOjEsIm5hbWUiOiLljovmtYvnlKjmiLcyNSIsImlhdCI6MTc4OTQ1NTIxNSwiZXhwIjoxNzg5NDk4NDE1fQ.EZmqX3neKvHATw51ldUqFlQ5kYxxO25LIWFHbNIFXQQ
user25,eyJhbGciOiJIUzI1NiJ9.eyJzdWIiOiIxNiIsInJvbGUiOjEsIm5hbWUiOiLljovmtYvnlKjmiLcyNSIsImlhdCI6MTc4OTQ1NTIxNSwiZXhwIjoxNzg5NDk4NDE1fQ.EZmqX3neKvHATw51ldUqFlQ5kYxxO25LIWFHbNIFXQQ
user25,eyJhbGciOiJIUzI1NiJ9.eyJzdWIiOiIxNiIsInJvbGUiOjEsIm5hbWUiOiLljovmtYvnlKjmiLcyNSIsImlhdCI6MTc4OTQ1NTIxNSwiZXhwIjoxNzg5NDk4NDE1fQ.EZmqX3neKvHATw51ldUqFlQ5kYxxO25LIWFHbNIFXQQ
user25,eyJhbGciOiJIUzI1NiJ9.eyJzdWIiOiIxNiIsInJvbGUiOjEsIm5hbWUiOiLljovmtYvnlKjmiLcyNSIsImlhdCI6MTc4OTQ1NTIxNSwiZXhwIjoxNzg5NDk4NDE1fQ.EZmqX3neKvHATw51ldUqFlQ5kYxxO25LIWFHbNIFXQQ
user26,eyJhbGciOiJIUzI1NiJ9.eyJzdWIiOiIxOSIsInJvbGUiOjEsIm5hbWUiOiLljovmtYvnlKjmiLcyNiIsImlhdCI6MTc4OTQ1NTIxNiwiZXhwIjoxNzg5NDk4NDE2fQ.ft5IIHsyOaIr8_0UVA2aGduIg9ot0PFfMt8qB93h1XU
user26,eyJhbGciOiJIUzI1NiJ9.eyJzdWIiOiIxOSIsInJvbGUiOjEsIm5hbWUiOiLljovmtYvnlKjmiLcyNiIsImlhdCI6MTc4OTQ1NTIxNiwiZXhwIjoxNzg5NDk4NDE2fQ.ft5IIHsyOaIr8_0UVA2aGduIg9ot0PFfMt8qB93h1XU
user26,eyJhbGciOiJIUzI1NiJ9.eyJzdWIiOiIxOSIsInJvbGUiOjEsIm5hbWUiOiLljovmtYvnlKjmiLcyNiIsImlhdCI6MTc4OTQ1NTIxNiwiZXhwIjoxNzg5NDk4NDE2fQ.ft5IIHsyOaIr8_0UVA2aGduIg9ot0PFfMt8qB93h1XU
user26,eyJhbGciOiJIUzI1NiJ9.eyJzdWIiOiIxOSIsInJvbGUiOjEsIm5hbWUiOiLljovmtYvnlKjmiLcyNiIsImlhdCI6MTc4OTQ1NTIxNiwiZXhwIjoxNzg5NDk4NDE2fQ.ft5IIHsyOaIr8_0UVA2aGduIg9ot0PFfMt8qB93h1XU
user26,eyJhbGciOiJIUzI1NiJ9.eyJzdWIiOiIxOSIsInJvbGUiOjEsIm5hbWUiOiLljovmtYvnlKjmiLcyNiIsImlhdCI6MTc4OTQ1NTIxNiwiZXhwIjoxNzg5NDk4NDE2fQ.ft5IIHsyOaIr8_0UVA2aGduIg9ot0PFfMt8qB93h1XU
user26,eyJhbGciOiJIUzI1NiJ9.eyJzdWIiOiIxOSIsInJvbGUiOjEsIm5hbWUiOiLljovmtYvnlKjmiLcyNiIsImlhdCI6MTc4OTQ1NTIxNiwiZXhwIjoxNzg5NDk4NDE2fQ.ft5IIHsyOaIr8_0UVA2aGduIg9ot0PFfMt8qB93h1XU
user26,eyJhbGciOiJIUzI1NiJ9.eyJzdWIiOiIxOSIsInJvbGUiOjEsIm5hbWUiOiLljovmtYvnlKjmiLcyNiIsImlhdCI6MTc4OTQ1NTIxNiwiZXhwIjoxNzg5NDk4NDE2fQ.ft5IIHsyOaIr8_0UVA2aGduIg9ot0PFfMt8qB93h1XU
user26,eyJhbGciOiJIUzI1NiJ9.eyJzdWIiOiIxOSIsInJvbGUiOjEsIm5hbWUiOiLljovmtYvnlKjmiLcyNiIsImlhdCI6MTc4OTQ1NTIxNiwiZXhwIjoxNzg5NDk4NDE2fQ.ft5IIHsyOaIr8_0UVA2aGduIg9ot0PFfMt8qB93h1XU
user26,eyJhbGciOiJIUzI1NiJ9.eyJzdWIiOiIxOSIsInJvbGUiOjEsIm5hbWUiOiLljovmtYvnlKjmiLcyNiIsImlhdCI6MTc4OTQ1NTIxNiwiZXhwIjoxNzg5NDk4NDE2fQ.ft5IIHsyOaIr8_0UVA2aGduIg9ot0PFfMt8qB93h1XU
user26,eyJhbGciOiJIUzI1NiJ9.eyJzdWIiOiIxOSIsInJvbGUiOjEsIm5hbWUiOiLljovmtYvnlKjmiLcyNiIsImlhdCI6MTc4OTQ1NTIxNiwiZXhwIjoxNzg5NDk4NDE2fQ.ft5IIHsyOaIr8_0UVA2aGduIg9ot0PFfMt8qB93h1XU
user27,eyJhbGciOiJIUzI1NiJ9.eyJzdWIiOiIyMiIsInJvbGUiOjEsIm5hbWUiOiLljovmtYvnlKjmiLcyNyIsImlhdCI6MTc4OTQ1NTIxNiwiZXhwIjoxNzg5NDk4NDE2fQ.XX16uQxWLEzTAbP2MDZfAhzM9psZNs4lM-ooNttccz8
user27,eyJhbGciOiJIUzI1NiJ9.eyJzdWIiOiIyMiIsInJvbGUiOjEsIm5hbWUiOiLljovmtYvnlKjmiLcyNyIsImlhdCI6MTc4OTQ1NTIxNiwiZXhwIjoxNzg5NDk4NDE2fQ.XX16uQxWLEzTAbP2MDZfAhzM9psZNs4lM-ooNttccz8
user27,eyJhbGciOiJIUzI1NiJ9.eyJzdWIiOiIyMiIsInJvbGUiOjEsIm5hbWUiOiLljovmtYvnlKjmiLcyNyIsImlhdCI6MTc4OTQ1NTIxNiwiZXhwIjoxNzg5NDk4NDE2fQ.XX16uQxWLEzTAbP2MDZfAhzM9psZNs4lM-ooNttccz8
user27,eyJhbGciOiJIUzI1NiJ9.eyJzdWIiOiIyMiIsInJvbGUiOjEsIm5hbWUiOiLljovmtYvnlKjmiLcyNyIsImlhdCI6MTc4OTQ1NTIxNiwiZXhwIjoxNzg5NDk4NDE2fQ.XX16uQxWLEzTAbP2MDZfAhzM9psZNs4lM-ooNttccz8
user27,eyJhbGciOiJIUzI1NiJ9.eyJzdWIiOiIyMiIsInJvbGUiOjEsIm5hbWUiOiLljovmtYvnlKjmiLcyNyIsImlhdCI6MTc4OTQ1NTIxNiwiZXhwIjoxNzg5NDk4NDE2fQ.XX16uQxWLEzTAbP2MDZfAhzM9psZNs4lM-ooNttccz8
user27,eyJhbGciOiJIUzI1NiJ9.eyJzdWIiOiIyMiIsInJvbGUiOjEsIm5hbWUiOiLljovmtYvnlKjmiLcyNyIsImlhdCI6MTc4OTQ1NTIxNiwiZXhwIjoxNzg5NDk4NDE2fQ.XX16uQxWLEzTAbP2MDZfAhzM9psZNs4lM-ooNttccz8
user27,eyJhbGciOiJIUzI1NiJ9.eyJzdWIiOiIyMiIsInJvbGUiOjEsIm5hbWUiOiLljovmtYvnlKjmiLcyNyIsImlhdCI6MTc4OTQ1NTIxNiwiZXhwIjoxNzg5NDk4NDE2fQ.XX16uQxWLEzTAbP2MDZfAhzM9psZNs4lM-ooNttccz8
user27,eyJhbGciOiJIUzI1NiJ9.eyJzdWIiOiIyMiIsInJvbGUiOjEsIm5hbWUiOiLljovmtYvnlKjmiLcyNyIsImlhdCI6MTc4OTQ1NTIxNiwiZXhwIjoxNzg5NDk4NDE2fQ.XX16uQxWLEzTAbP2MDZfAhzM9psZNs4lM-ooNttccz8
user27,eyJhbGciOiJIUzI1NiJ9.eyJzdWIiOiIyMiIsInJvbGUiOjEsIm5hbWUiOiLljovmtYvnlKjmiLcyNyIsImlhdCI6MTc4OTQ1NTIxNiwiZXhwIjoxNzg5NDk4NDE2fQ.XX16uQxWLEzTAbP2MDZfAhzM9psZNs4lM-ooNttccz8
user27,eyJhbGciOiJIUzI1NiJ9.eyJzdWIiOiIyMiIsInJvbGUiOjEsIm5hbWUiOiLljovmtYvnlKjmiLcyNyIsImlhdCI6MTc4OTQ1NTIxNiwiZXhwIjoxNzg5NDk4NDE2fQ.XX16uQxWLEzTAbP2MDZfAhzM9psZNs4lM-ooNttccz8
user28,eyJhbGciOiJIUzI1NiJ9.eyJzdWIiOiIyNSIsInJvbGUiOjEsIm5hbWUiOiLljovmtYvnlKjmiLcyOCIsImlhdCI6MTc4OTQ1NTIxNiwiZXhwIjoxNzg5NDk4NDE2fQ.qpIrn-xiY5v6Rtf_UwgDh9KToL72Iw3EEmit9PrQtQk
user28,eyJhbGciOiJIUzI1NiJ9.eyJzdWIiOiIyNSIsInJvbGUiOjEsIm5hbWUiOiLljovmtYvnlKjmiLcyOCIsImlhdCI6MTc4OTQ1NTIxNiwiZXhwIjoxNzg5NDk4NDE2fQ.qpIrn-xiY5v6Rtf_UwgDh9KToL72Iw3EEmit9PrQtQk
user28,eyJhbGciOiJIUzI1NiJ9.eyJzdWIiOiIyNSIsInJvbGUiOjEsIm5hbWUiOiLljovmtYvnlKjmiLcyOCIsImlhdCI6MTc4OTQ1NTIxNiwiZXhwIjoxNzg5NDk4NDE2fQ.qpIrn-xiY5v6Rtf_UwgDh9KToL72Iw3EEmit9PrQtQk
user28,eyJhbGciOiJIUzI1NiJ9.eyJzdWIiOiIyNSIsInJvbGUiOjEsIm5hbWUiOiLljovmtYvnlKjmiLcyOCIsImlhdCI6MTc4OTQ1NTIxNiwiZXhwIjoxNzg5NDk4NDE2fQ.qpIrn-xiY5v6Rtf_UwgDh9KToL72Iw3EEmit9PrQtQk
user28,eyJhbGciOiJIUzI1NiJ9.eyJzdWIiOiIyNSIsInJvbGUiOjEsIm5hbWUiOiLljovmtYvnlKjmiLcyOCIsImlhdCI6MTc4OTQ1NTIxNiwiZXhwIjoxNzg5NDk4NDE2fQ.qpIrn-xiY5v6Rtf_UwgDh9KToL72Iw3EEmit9PrQtQk
user28,eyJhbGciOiJIUzI1NiJ9.eyJzdWIiOiIyNSIsInJvbGUiOjEsIm5hbWUiOiLljovmtYvnlKjmiLcyOCIsImlhdCI6MTc4OTQ1NTIxNiwiZXhwIjoxNzg5NDk4NDE2fQ.qpIrn-xiY5v6Rtf_UwgDh9KToL72Iw3EEmit9PrQtQk
user28,eyJhbGciOiJIUzI1NiJ9.eyJzdWIiOiIyNSIsInJvbGUiOjEsIm5hbWUiOiLljovmtYvnlKjmiLcyOCIsImlhdCI6MTc4OTQ1NTIxNiwiZXhwIjoxNzg5NDk4NDE2fQ.qpIrn-xiY5v6Rtf_UwgDh9KToL72Iw3EEmit9PrQtQk
user28,eyJhbGciOiJIUzI1NiJ9.eyJzdWIiOiIyNSIsInJvbGUiOjEsIm5hbWUiOiLljovmtYvnlKjmiLcyOCIsImlhdCI6MTc4OTQ1NTIxNiwiZXhwIjoxNzg5NDk4NDE2fQ.qpIrn-xiY5v6Rtf_UwgDh9KToL72Iw3EEmit9PrQtQk
user28,eyJhbGciOiJIUzI1NiJ9.eyJzdWIiOiIyNSIsInJvbGUiOjEsIm5hbWUiOiLljovmtYvnlKjmiLcyOCIsImlhdCI6MTc4OTQ1NTIxNiwiZXhwIjoxNzg5NDk4NDE2fQ.qpIrn-xiY5v6Rtf_UwgDh9KToL72Iw3EEmit9PrQtQk
user28,eyJhbGciOiJIUzI1NiJ9.eyJzdWIiOiIyNSIsInJvbGUiOjEsIm5hbWUiOiLljovmtYvnlKjmiLcyOCIsImlhdCI6MTc4OTQ1NTIxNiwiZXhwIjoxNzg5NDk4NDE2fQ.qpIrn-xiY5v6Rtf_UwgDh9KToL72Iw3EEmit9PrQtQk
user29,eyJhbGciOiJIUzI1NiJ9.eyJzdWIiOiIyOCIsInJvbGUiOjEsIm5hbWUiOiLljovmtYvnlKjmiLcyOSIsImlhdCI6MTc4OTQ1NTIxNiwiZXhwIjoxNzg5NDk4NDE2fQ.blesr1DYkAP6qT5M7Rj1nVJrKqDw5nxI1egOr4XHIDo
user29,eyJhbGciOiJIUzI1NiJ9.eyJzdWIiOiIyOCIsInJvbGUiOjEsIm5hbWUiOiLljovmtYvnlKjmiLcyOSIsImlhdCI6MTc4OTQ1NTIxNiwiZXhwIjoxNzg5NDk4NDE2fQ.blesr1DYkAP6qT5M7Rj1nVJrKqDw5nxI1egOr4XHIDo
user29,eyJhbGciOiJIUzI1NiJ9.eyJzdWIiOiIyOCIsInJvbGUiOjEsIm5hbWUiOiLljovmtYvnlKjmiLcyOSIsImlhdCI6MTc4OTQ1NTIxNiwiZXhwIjoxNzg5NDk4NDE2fQ.blesr1DYkAP6qT5M7Rj1nVJrKqDw5nxI1egOr4XHIDo
user29,eyJhbGciOiJIUzI1NiJ9.eyJzdWIiOiIyOCIsInJvbGUiOjEsIm5hbWUiOiLljovmtYvnlKjmiLcyOSIsImlhdCI6MTc4OTQ1NTIxNiwiZXhwIjoxNzg5NDk4NDE2fQ.blesr1DYkAP6qT5M7Rj1nVJrKqDw5nxI1egOr4XHIDo
user29,eyJhbGciOiJIUzI1NiJ9.eyJzdWIiOiIyOCIsInJvbGUiOjEsIm5hbWUiOiLljovmtYvnlKjmiLcyOSIsImlhdCI6MTc4OTQ1NTIxNiwiZXhwIjoxNzg5NDk4NDE2fQ.blesr1DYkAP6qT5M7Rj1nVJrKqDw5nxI1egOr4XHIDo
user29,eyJhbGciOiJIUzI1NiJ9.eyJzdWIiOiIyOCIsInJvbGUiOjEsIm5hbWUiOiLljovmtYvnlKjmiLcyOSIsImlhdCI6MTc4OTQ1NTIxNiwiZXhwIjoxNzg5NDk4NDE2fQ.blesr1DYkAP6qT5M7Rj1nVJrKqDw5nxI1egOr4XHIDo
user29,eyJhbGciOiJIUzI1NiJ9.eyJzdWIiOiIyOCIsInJvbGUiOjEsIm5hbWUiOiLljovmtYvnlKjmiLcyOSIsImlhdCI6MTc4OTQ1NTIxNiwiZXhwIjoxNzg5NDk4NDE2fQ.blesr1DYkAP6qT5M7Rj1nVJrKqDw5nxI1egOr4XHIDo
user29,eyJhbGciOiJIUzI1NiJ9.eyJzdWIiOiIyOCIsInJvbGUiOjEsIm5hbWUiOiLljovmtYvnlKjmiLcyOSIsImlhdCI6MTc4OTQ1NTIxNiwiZXhwIjoxNzg5NDk4NDE2fQ.blesr1DYkAP6qT5M7Rj1nVJrKqDw5nxI1egOr4XHIDo
user29,eyJhbGciOiJIUzI1NiJ9.eyJzdWIiOiIyOCIsInJvbGUiOjEsIm5hbWUiOiLljovmtYvnlKjmiLcyOSIsImlhdCI6MTc4OTQ1NTIxNiwiZXhwIjoxNzg5NDk4NDE2fQ.blesr1DYkAP6qT5M7Rj1nVJrKqDw5nxI1egOr4XHIDo
user29,eyJhbGciOiJIUzI1NiJ9.eyJzdWIiOiIyOCIsInJvbGUiOjEsIm5hbWUiOiLljovmtYvnlKjmiLcyOSIsImlhdCI6MTc4OTQ1NTIxNiwiZXhwIjoxNzg5NDk4NDE2fQ.blesr1DYkAP6qT5M7Rj1nVJrKqDw5nxI1egOr4XHIDo
user30,eyJhbGciOiJIUzI1NiJ9.eyJzdWIiOiIzMSIsInJvbGUiOjEsIm5hbWUiOiLljovmtYvnlKjmiLczMCIsImlhdCI6MTc4OTQ1NTIxNiwiZXhwIjoxNzg5NDk4NDE2fQ.kVd2C_-SAtX2cnEFfyhjNFW75-gApGkQvLRq6M_QYi0
user30,eyJhbGciOiJIUzI1NiJ9.eyJzdWIiOiIzMSIsInJvbGUiOjEsIm5hbWUiOiLljovmtYvnlKjmiLczMCIsImlhdCI6MTc4OTQ1NTIxNiwiZXhwIjoxNzg5NDk4NDE2fQ.kVd2C_-SAtX2cnEFfyhjNFW75-gApGkQvLRq6M_QYi0
user30,eyJhbGciOiJIUzI1NiJ9.eyJzdWIiOiIzMSIsInJvbGUiOjEsIm5hbWUiOiLljovmtYvnlKjmiLczMCIsImlhdCI6MTc4OTQ1NTIxNiwiZXhwIjoxNzg5NDk4NDE2fQ.kVd2C_-SAtX2cnEFfyhjNFW75-gApGkQvLRq6M_QYi0
user30,eyJhbGciOiJIUzI1NiJ9.eyJzdWIiOiIzMSIsInJvbGUiOjEsIm5hbWUiOiLljovmtYvnlKjmiLczMCIsImlhdCI6MTc4OTQ1NTIxNiwiZXhwIjoxNzg5NDk4NDE2fQ.kVd2C_-SAtX2cnEFfyhjNFW75-gApGkQvLRq6M_QYi0
user30,eyJhbGciOiJIUzI1NiJ9.eyJzdWIiOiIzMSIsInJvbGUiOjEsIm5hbWUiOiLljovmtYvnlKjmiLczMCIsImlhdCI6MTc4OTQ1NTIxNiwiZXhwIjoxNzg5NDk4NDE2fQ.kVd2C_-SAtX2cnEFfyhjNFW75-gApGkQvLRq6M_QYi0
user30,eyJhbGciOiJIUzI1NiJ9.eyJzdWIiOiIzMSIsInJvbGUiOjEsIm5hbWUiOiLljovmtYvnlKjmiLczMCIsImlhdCI6MTc4OTQ1NTIxNiwiZXhwIjoxNzg5NDk4NDE2fQ.kVd2C_-SAtX2cnEFfyhjNFW75-gApGkQvLRq6M_QYi0
user30,eyJhbGciOiJIUzI1NiJ9.eyJzdWIiOiIzMSIsInJvbGUiOjEsIm5hbWUiOiLljovmtYvnlKjmiLczMCIsImlhdCI6MTc4OTQ1NTIxNiwiZXhwIjoxNzg5NDk4NDE2fQ.kVd2C_-SAtX2cnEFfyhjNFW75-gApGkQvLRq6M_QYi0
user30,eyJhbGciOiJIUzI1NiJ9.eyJzdWIiOiIzMSIsInJvbGUiOjEsIm5hbWUiOiLljovmtYvnlKjmiLczMCIsImlhdCI6MTc4OTQ1NTIxNiwiZXhwIjoxNzg5NDk4NDE2fQ.kVd2C_-SAtX2cnEFfyhjNFW75-gApGkQvLRq6M_QYi0
user30,eyJhbGciOiJIUzI1NiJ9.eyJzdWIiOiIzMSIsInJvbGUiOjEsIm5hbWUiOiLljovmtYvnlKjmiLczMCIsImlhdCI6MTc4OTQ1NTIxNiwiZXhwIjoxNzg5NDk4NDE2fQ.kVd2C_-SAtX2cnEFfyhjNFW75-gApGkQvLRq6M_QYi0
user30,eyJhbGciOiJIUzI1NiJ9.eyJzdWIiOiIzMSIsInJvbGUiOjEsIm5hbWUiOiLljovmtYvnlKjmiLczMCIsImlhdCI6MTc4OTQ1NTIxNiwiZXhwIjoxNzg5NDk4NDE2fQ.kVd2C_-SAtX2cnEFfyhjNFW75-gApGkQvLRq6M_QYi0
